-- MySQL dump 10.13  Distrib 9.0.1, for Linux (x86_64)
--
-- Host: localhost    Database: sistemacomedor
-- ------------------------------------------------------
-- Server version	9.0.1

/*!40101 SET @OLD_CHARACTER_SET_CLIENT=@@CHARACTER_SET_CLIENT */;
/*!40101 SET @OLD_CHARACTER_SET_RESULTS=@@CHARACTER_SET_RESULTS */;
/*!40101 SET @OLD_COLLATION_CONNECTION=@@COLLATION_CONNECTION */;
/*!50503 SET NAMES utf8mb4 */;
/*!40103 SET @OLD_TIME_ZONE=@@TIME_ZONE */;
/*!40103 SET TIME_ZONE='+00:00' */;
/*!40014 SET @OLD_UNIQUE_CHECKS=@@UNIQUE_CHECKS, UNIQUE_CHECKS=0 */;
/*!40014 SET @OLD_FOREIGN_KEY_CHECKS=@@FOREIGN_KEY_CHECKS, FOREIGN_KEY_CHECKS=0 */;
/*!40101 SET @OLD_SQL_MODE=@@SQL_MODE, SQL_MODE='NO_AUTO_VALUE_ON_ZERO' */;
/*!40111 SET @OLD_SQL_NOTES=@@SQL_NOTES, SQL_NOTES=0 */;

--
-- Table structure for table `almuerzo`
--

DROP TABLE IF EXISTS `almuerzo`;
/*!40101 SET @saved_cs_client     = @@character_set_client */;
/*!50503 SET character_set_client = utf8mb4 */;
CREATE TABLE `almuerzo` (
  `idAlmuerzo` int NOT NULL AUTO_INCREMENT,
  `fecha` date NOT NULL,
  `almuerzo` text COLLATE utf8mb4_general_ci NOT NULL,
  `desayuno` text COLLATE utf8mb4_general_ci NOT NULL,
  `racion` int NOT NULL,
  PRIMARY KEY (`idAlmuerzo`)
) ENGINE=InnoDB AUTO_INCREMENT=18 DEFAULT CHARSET=utf8mb4 COLLATE=utf8mb4_general_ci;
/*!40101 SET character_set_client = @saved_cs_client */;

--
-- Dumping data for table `almuerzo`
--

LOCK TABLES `almuerzo` WRITE;
/*!40000 ALTER TABLE `almuerzo` DISABLE KEYS */;
INSERT INTO `almuerzo` VALUES (12,'2024-09-18','Alverja partida con pollo dorado y arroz','Jugo de fresa y 2 panes con camote',400),(13,'2024-09-19','Sopa de Semola y guiso con olluco y arroz','Champu con 2 panes con pollo',400),(14,'2024-09-20','Ensalada, higado frito con lentejitas, arroz, frut','Avena con maca, jugo surtido y yuca con huevo frit',400),(15,'2024-09-23','tallarines y papa a la huancaina con bistec','Avena con jugo surtido y 2 panes con pata ',400),(16,'2024-09-24','Estofado de pollo con arroz','Quinoa avena jugo de papaya',400),(17,'2024-09-25','1','1',400);
/*!40000 ALTER TABLE `almuerzo` ENABLE KEYS */;
UNLOCK TABLES;

--
-- Table structure for table `asistenciacomedoralmuerzo`
--

DROP TABLE IF EXISTS `asistenciacomedoralmuerzo`;
/*!40101 SET @saved_cs_client     = @@character_set_client */;
/*!50503 SET character_set_client = utf8mb4 */;
CREATE TABLE `asistenciacomedoralmuerzo` (
  `idAsistencia` int NOT NULL AUTO_INCREMENT,
  `fechaHora` datetime NOT NULL,
  `dni` varchar(20) COLLATE utf8mb4_general_ci NOT NULL,
  PRIMARY KEY (`idAsistencia`)
) ENGINE=InnoDB AUTO_INCREMENT=2313 DEFAULT CHARSET=utf8mb4 COLLATE=utf8mb4_general_ci;
/*!40101 SET character_set_client = @saved_cs_client */;

--
-- Dumping data for table `asistenciacomedoralmuerzo`
--

LOCK TABLES `asistenciacomedoralmuerzo` WRITE;
/*!40000 ALTER TABLE `asistenciacomedoralmuerzo` DISABLE KEYS */;
INSERT INTO `asistenciacomedoralmuerzo` VALUES (193,'2024-09-17 12:03:26','72519372'),(194,'2024-09-17 12:03:58','72642995'),(195,'2024-09-17 12:04:14','70905558'),(196,'2024-09-17 12:04:32','60745115'),(197,'2024-09-17 12:04:46','60912150'),(198,'2024-09-17 12:04:59','73996991'),(199,'2024-09-17 12:05:29','73174579'),(200,'2024-09-17 12:05:39','70794011'),(201,'2024-09-17 12:05:44','71474676'),(202,'2024-09-17 12:05:48','75361045'),(203,'2024-09-17 12:05:55','73020981'),(204,'2024-09-17 12:05:59','75592418'),(205,'2024-09-17 12:06:02','77414556'),(206,'2024-09-17 12:06:06','72604566'),(207,'2024-09-17 12:06:08','72847107'),(208,'2024-09-17 12:06:19','72026343'),(209,'2024-09-17 12:06:25','74844080'),(210,'2024-09-17 12:06:34','71922211'),(211,'2024-09-17 12:06:44','60323402'),(212,'2024-09-17 12:06:55','61060280'),(213,'2024-09-17 12:06:59','60984398'),(214,'2024-09-17 12:07:04','60733011'),(215,'2024-09-17 12:07:38','76307291'),(216,'2024-09-17 12:07:43','76210253'),(217,'2024-09-17 12:07:46','60848557'),(218,'2024-09-17 12:07:57','60071117'),(219,'2024-09-17 12:08:02','71741669'),(220,'2024-09-17 12:08:09','72179717'),(221,'2024-09-17 12:08:19','60733047'),(222,'2024-09-17 12:08:34','76430071'),(223,'2024-09-17 12:08:42','73857381'),(224,'2024-09-17 12:08:46','75203854'),(225,'2024-09-17 12:08:48','76130805'),(226,'2024-09-17 12:08:57','61269014'),(227,'2024-09-17 12:09:02','74844197'),(228,'2024-09-17 12:09:04','77815497'),(229,'2024-09-17 12:09:09','71781863'),(230,'2024-09-17 12:09:12','75252581'),(231,'2024-09-17 12:09:27','76010839'),(232,'2024-09-17 12:09:31','73829211'),(233,'2024-09-17 12:09:36','77093158'),(234,'2024-09-17 12:09:38','74431057'),(235,'2024-09-17 12:09:43','73459553'),(236,'2024-09-17 12:09:50','73226140'),(237,'2024-09-17 12:09:54','71025400'),(238,'2024-09-17 12:09:58','73691207'),(239,'2024-09-17 12:10:04','72490012'),(240,'2024-09-17 12:10:07','70536580'),(241,'2024-09-17 12:10:11','60182564'),(242,'2024-09-17 12:10:14','73697707'),(243,'2024-09-17 12:10:17','71501594'),(244,'2024-09-17 12:10:19','75486389'),(245,'2024-09-17 12:10:28','73655485'),(246,'2024-09-17 12:11:43','61085972'),(247,'2024-09-17 12:13:19','62052047'),(248,'2024-09-17 12:13:57','73831943'),(249,'2024-09-17 12:14:01','74060214'),(250,'2024-09-17 12:14:05','73936919'),(251,'2024-09-17 12:16:03','70102921'),(252,'2024-09-17 12:16:09','72657709'),(253,'2024-09-17 12:16:17','72604835'),(254,'2024-09-17 12:16:56','72700491'),(255,'2024-09-17 12:17:11','75936383'),(256,'2024-09-17 12:17:34','60822260'),(257,'2024-09-17 12:18:27','72127682'),(258,'2024-09-17 12:18:31','73954618'),(259,'2024-09-17 12:18:34','72127681'),(260,'2024-09-17 12:18:39','75696637'),(261,'2024-09-17 12:19:09','73828892'),(262,'2024-09-17 12:19:13','73832103'),(263,'2024-09-17 12:19:24','60071271'),(264,'2024-09-17 12:21:00','76626533'),(265,'2024-09-17 12:22:58','74580370'),(266,'2024-09-17 12:23:07','72558584'),(267,'2024-09-17 12:23:14','75437066'),(268,'2024-09-17 12:23:21','71518842'),(269,'2024-09-17 12:23:32','77103459'),(270,'2024-09-17 12:23:43','60752568'),(271,'2024-09-17 12:23:53','70782812'),(272,'2024-09-17 12:23:58','72709409'),(273,'2024-09-17 12:24:12','75832454'),(274,'2024-09-17 12:24:16','72326058'),(275,'2024-09-17 12:24:20','75221164'),(276,'2024-09-17 12:24:23','76633115'),(277,'2024-09-17 12:26:13','72490149'),(278,'2024-09-17 12:26:16','75416480'),(279,'2024-09-17 12:26:57','70843839'),(280,'2024-09-17 12:27:03','77050350'),(281,'2024-09-17 12:27:08','70834578'),(282,'2024-09-17 12:27:12','72560246'),(283,'2024-09-17 12:28:50','73930140'),(284,'2024-09-17 12:28:54','76633110'),(285,'2024-09-17 12:29:07','75252483'),(286,'2024-09-17 12:29:21','73936484'),(287,'2024-09-17 12:29:25','73020962'),(288,'2024-09-17 12:30:14','72170519'),(289,'2024-09-17 12:30:21','72975372'),(290,'2024-09-17 12:30:32','73830752'),(291,'2024-09-17 12:32:13','73233489'),(292,'2024-09-17 12:33:00','75855825'),(293,'2024-09-17 12:33:06','70060778'),(294,'2024-09-17 12:33:14','77236226'),(295,'2024-09-17 12:34:23','71893163'),(296,'2024-09-17 12:34:44','72500450'),(297,'2024-09-17 12:34:48','74750310'),(298,'2024-09-17 12:35:13','74882739'),(299,'2024-09-17 12:35:28','74902579'),(300,'2024-09-17 12:35:35','73137741'),(301,'2024-09-17 12:35:41','77230462'),(302,'2024-09-17 12:35:44','70980417'),(303,'2024-09-17 12:35:47','71436177'),(304,'2024-09-17 12:36:08','76297041'),(305,'2024-09-17 12:36:30','43690202'),(306,'2024-09-17 12:36:37','76302883'),(307,'2024-09-17 12:36:47','60071236'),(308,'2024-09-17 12:36:53','72248120'),(309,'2024-09-17 12:37:00','74430454'),(310,'2024-09-17 12:37:18','70261012'),(311,'2024-09-17 12:37:24','72783236'),(312,'2024-09-17 12:37:27','71689014'),(313,'2024-09-17 12:37:37','73930762'),(314,'2024-09-17 12:37:49','75111008'),(315,'2024-09-17 12:37:54','60071300'),(316,'2024-09-17 12:37:57','74161430'),(317,'2024-09-17 12:38:16','75610055'),(318,'2024-09-17 12:38:22','71465170'),(319,'2024-09-17 12:38:39','73126516'),(320,'2024-09-17 12:38:44','72558508'),(321,'2024-09-17 12:39:49','71081647'),(322,'2024-09-17 12:39:54','60755281'),(323,'2024-09-17 12:39:56','72506357'),(324,'2024-09-17 12:40:13','72714345'),(325,'2024-09-17 12:40:23','71879516'),(326,'2024-09-17 12:40:27','76013018'),(327,'2024-09-17 12:40:36','72506300'),(328,'2024-09-17 12:40:43','72658188'),(329,'2024-09-17 12:40:46','75093465'),(330,'2024-09-17 12:40:51','71368272'),(331,'2024-09-17 12:40:54','76876278'),(332,'2024-09-17 12:40:56','74417726'),(333,'2024-09-17 12:41:02','76824017'),(334,'2024-09-17 12:41:05','73189177'),(335,'2024-09-17 12:41:07','75907880'),(336,'2024-09-17 12:41:20','74177744'),(337,'2024-09-17 12:41:38','74161429'),(338,'2024-09-17 12:41:48','62153018'),(339,'2024-09-17 12:41:56','77037896'),(340,'2024-09-17 12:42:04','60070901'),(341,'2024-09-17 12:42:34','72934014'),(342,'2024-09-17 12:42:50','71051076'),(343,'2024-09-17 12:43:02','60714037'),(344,'2024-09-17 12:43:07','70946722'),(345,'2024-09-17 12:43:15','75908003'),(346,'2024-09-17 12:43:32','74248740'),(347,'2024-09-17 12:43:36','75523452'),(348,'2024-09-17 12:43:40','73905453'),(349,'2024-09-17 12:43:45','72604723'),(350,'2024-09-17 12:43:47','60443186'),(351,'2024-09-17 12:43:54','70190103'),(352,'2024-09-17 12:43:57','72784124'),(353,'2024-09-17 12:44:00','77351693'),(354,'2024-09-17 12:44:04','71540152'),(355,'2024-09-17 12:44:08','60488511'),(356,'2024-09-17 12:44:17','72872965'),(357,'2024-09-17 12:44:22','75476576'),(358,'2024-09-17 12:44:28','74811186'),(359,'2024-09-17 12:44:37','74381302'),(360,'2024-09-17 12:44:45','73831971'),(361,'2024-09-17 12:44:53','73964840'),(362,'2024-09-17 12:44:56','75894151'),(363,'2024-09-17 12:44:59','73630913'),(364,'2024-09-17 12:45:05','60745312'),(365,'2024-09-17 12:45:09','75909883'),(366,'2024-09-17 12:45:26','74276495'),(367,'2024-09-17 12:45:28','70069438'),(368,'2024-09-17 12:45:40','76350835'),(369,'2024-09-17 12:45:45','73624936'),(370,'2024-09-17 12:45:52','76384224'),(371,'2024-09-17 12:45:56','73077049'),(372,'2024-09-17 12:46:04','73789502'),(373,'2024-09-17 12:46:14','73032371'),(374,'2024-09-17 12:46:24','73653239'),(375,'2024-09-17 12:46:28','62787873'),(376,'2024-09-17 12:46:40','62264010'),(377,'2024-09-17 12:46:52','77343297'),(378,'2024-09-17 12:46:59','72551682'),(379,'2024-09-17 12:47:08','74218636'),(380,'2024-09-17 12:47:12','76131307'),(381,'2024-09-17 12:47:16','73826531'),(382,'2024-09-17 12:47:22','75573507'),(383,'2024-09-17 12:47:26','76000986'),(384,'2024-09-17 12:47:35','71436172'),(385,'2024-09-17 12:47:44','75021313'),(386,'2024-09-17 12:47:51','70782220'),(387,'2024-09-17 12:49:12','75889241'),(388,'2024-09-17 12:50:11','76684850'),(389,'2024-09-17 12:51:23','75892450'),(390,'2024-09-17 12:51:44','70340334'),(391,'2024-09-17 12:51:55','76140712'),(392,'2024-09-17 12:51:59','73011322'),(393,'2024-09-17 12:52:24','73635840'),(394,'2024-09-17 12:52:29','73831260'),(395,'2024-09-17 12:52:32','74243738'),(396,'2024-09-17 12:52:40','73207060'),(397,'2024-09-17 12:52:43','71844901'),(398,'2024-09-17 12:52:47','60984421'),(399,'2024-09-17 12:52:50','76270478'),(400,'2024-09-17 12:52:52','76502216'),(401,'2024-09-17 12:53:00','77687862'),(402,'2024-09-17 12:53:12','76350852'),(403,'2024-09-17 12:53:21','74431032'),(404,'2024-09-17 12:53:28','71852500'),(405,'2024-09-17 12:53:37','72440080'),(406,'2024-09-17 12:53:40','71436196'),(407,'2024-09-17 12:53:44','75255663'),(408,'2024-09-17 12:53:47','76368635'),(409,'2024-09-17 12:53:53','76509613'),(410,'2024-09-17 12:54:02','74080720'),(411,'2024-09-17 12:54:11','73543323'),(412,'2024-09-17 12:54:14','72490140'),(413,'2024-09-17 12:54:32','71025401'),(414,'2024-09-17 12:54:36','73831202'),(415,'2024-09-17 12:54:48','75336239'),(416,'2024-09-17 12:54:52','60418742'),(417,'2024-09-17 12:54:56','72712678'),(418,'2024-09-17 12:55:04','73829853'),(419,'2024-09-17 12:55:14','73828823'),(420,'2024-09-17 12:55:17','77326453'),(421,'2024-09-17 12:55:20','73887673'),(422,'2024-09-17 12:55:47','74757475'),(423,'2024-09-17 12:55:51','74747511'),(424,'2024-09-17 12:55:55','75829033'),(425,'2024-09-17 12:55:59','72272038'),(426,'2024-09-17 12:56:02','71473612'),(427,'2024-09-17 12:56:51','74963297'),(428,'2024-09-17 12:59:43','60822167'),(429,'2024-09-17 12:59:49','76405835'),(430,'2024-09-17 13:00:07','76614803'),(431,'2024-09-17 13:00:12','72443579'),(432,'2024-09-17 13:00:16','71844992'),(433,'2024-09-17 13:00:21','77710149'),(434,'2024-09-17 13:00:29','74635625'),(435,'2024-09-17 13:00:37','71641249'),(436,'2024-09-17 13:00:46','75375323'),(437,'2024-09-17 13:00:51','76034441'),(438,'2024-09-17 13:00:55','61030490'),(439,'2024-09-17 13:00:59','60461409'),(440,'2024-09-17 13:01:09','73062176'),(441,'2024-09-17 13:01:14','77274920'),(442,'2024-09-17 13:01:27','60228759'),(443,'2024-09-17 13:01:31','71786998'),(444,'2024-09-17 13:01:35','75984978'),(445,'2024-09-17 13:01:40','60753084'),(446,'2024-09-17 13:02:31','74204282'),(447,'2024-09-17 13:02:37','48932200'),(448,'2024-09-17 13:02:46','77333861'),(449,'2024-09-17 13:04:07','75153177'),(450,'2024-09-17 13:05:32','73831835'),(451,'2024-09-17 13:05:42','71690429'),(452,'2024-09-17 13:07:00','71441157'),(453,'2024-09-17 13:07:38','75467555'),(454,'2024-09-17 13:07:48','75799843'),(455,'2024-09-17 13:07:52','73578828'),(456,'2024-09-17 13:07:57','76528160'),(457,'2024-09-17 13:08:00','71605942'),(458,'2024-09-17 13:08:05','76522087'),(459,'2024-09-17 13:08:08','60241050'),(460,'2024-09-17 13:08:35','60848731'),(461,'2024-09-17 13:14:23','74756277'),(462,'2024-09-17 13:15:12','74161893'),(463,'2024-09-17 13:15:24','74425008'),(464,'2024-09-17 13:19:32','77702970'),(465,'2024-09-17 13:19:47','76645315'),(466,'2024-09-17 13:21:00','73764871'),(467,'2024-09-17 13:21:15','75509354'),(468,'2024-09-17 13:21:42','76339687'),(469,'2024-09-17 13:23:27','72170573'),(470,'2024-09-17 13:23:35','60848761'),(471,'2024-09-17 13:25:22','76395591'),(472,'2024-09-17 13:26:57','71936831'),(473,'2024-09-17 13:29:17','70377227'),(474,'2024-09-17 13:29:21','76412738'),(475,'2024-09-17 13:29:42','70191276'),(476,'2024-09-17 13:30:40','76350865'),(477,'2024-09-17 13:32:05','75454325'),(478,'2024-09-17 13:32:42','71977410'),(479,'2024-09-17 13:33:28','71775598'),(480,'2024-09-17 13:33:59','48415879'),(481,'2024-09-17 13:34:13','72770576'),(482,'2024-09-17 13:35:14','76091531'),(483,'2024-09-17 13:39:29','62321093'),(484,'2024-09-17 13:39:45','74890694'),(485,'2024-09-17 13:40:18','48695685'),(486,'2024-09-17 13:40:52','71348068'),(487,'2024-09-17 13:48:50','75376617'),(488,'2024-09-17 13:49:10','71089623'),(489,'2024-09-17 13:49:29','73275049'),(490,'2024-09-17 13:49:52','75699079'),(491,'2024-09-17 13:52:10','45450964'),(492,'2024-09-17 14:02:14','76532516'),(493,'2024-09-17 14:22:03','73109244'),(494,'2024-09-17 14:22:11','72866478'),(495,'2024-09-18 12:00:14','76528160'),(496,'2024-09-18 12:00:17','77333861'),(497,'2024-09-18 12:00:20','73831260'),(498,'2024-09-18 12:00:24','70794011'),(499,'2024-09-18 12:00:32','76307291'),(500,'2024-09-18 12:00:35','73174579'),(501,'2024-09-18 12:00:38','71474676'),(502,'2024-09-18 12:00:48','74080720'),(503,'2024-09-18 12:01:02','71936831'),(504,'2024-09-18 12:01:05','70905558'),(505,'2024-09-18 12:01:08','71781863'),(506,'2024-09-18 12:01:11','73829211'),(507,'2024-09-18 12:01:14','73020981'),(508,'2024-09-18 12:01:22','76010839'),(509,'2024-09-18 12:01:26','77093158'),(510,'2024-09-18 12:01:28','74431057'),(511,'2024-09-18 12:01:31','75592418'),(512,'2024-09-18 12:01:34','75361045'),(513,'2024-09-18 12:01:36','75252581'),(514,'2024-09-18 12:01:39','71862291'),(515,'2024-09-18 12:01:51','72872965'),(516,'2024-09-18 12:02:01','74177744'),(517,'2024-09-18 12:02:04','73459553'),(518,'2024-09-18 12:02:09','71025400'),(519,'2024-09-18 12:02:12','71501594'),(520,'2024-09-18 12:02:15','75486389'),(521,'2024-09-18 12:02:18','70102921'),(522,'2024-09-18 12:02:20','72604835'),(523,'2024-09-18 12:02:23','72657709'),(524,'2024-09-18 12:02:26','73831943'),(525,'2024-09-18 12:02:28','74756277'),(526,'2024-09-18 12:02:32','73655485'),(527,'2024-09-18 12:02:35','74060214'),(528,'2024-09-18 12:02:38','73126516'),(529,'2024-09-18 12:02:40','72558508'),(530,'2024-09-18 12:02:43','75255663'),(531,'2024-09-18 12:02:47','75336239'),(532,'2024-09-18 12:02:51','75889241'),(533,'2024-09-18 12:02:54','62153018'),(534,'2024-09-18 12:02:57','76013018'),(535,'2024-09-18 12:03:01','71879516'),(536,'2024-09-18 12:03:04','73207060'),(537,'2024-09-18 12:03:07','76626533'),(538,'2024-09-18 12:03:10','73828892'),(539,'2024-09-18 12:03:13','71436196'),(540,'2024-09-18 12:03:16','71844901'),(541,'2024-09-18 12:03:19','71025401'),(542,'2024-09-18 12:03:24','74902579'),(543,'2024-09-18 12:03:27','74381302'),(544,'2024-09-18 12:03:51','72799675'),(545,'2024-09-18 12:03:55','72306109'),(546,'2024-09-18 12:04:09','73830657'),(547,'2024-09-18 12:04:12','73624936'),(548,'2024-09-18 12:07:26','77805554'),(549,'2024-09-18 12:07:31','73233489'),(550,'2024-09-18 12:07:46','75855825'),(551,'2024-09-18 12:07:50','70060778'),(552,'2024-09-18 12:08:09','77037896'),(553,'2024-09-18 12:08:19','60070901'),(554,'2024-09-18 12:08:28','74161429'),(555,'2024-09-18 12:11:09','75696637'),(556,'2024-09-18 12:11:12','72127681'),(557,'2024-09-18 12:11:22','77236226'),(558,'2024-09-18 12:12:10','77414556'),(559,'2024-09-18 12:14:39','73831202'),(560,'2024-09-18 12:16:40','75093465'),(561,'2024-09-18 12:17:12','72500450'),(562,'2024-09-18 12:17:15','74750310'),(563,'2024-09-18 12:19:17','48695685'),(564,'2024-09-18 12:19:27','72604566'),(565,'2024-09-18 12:19:37','73930762'),(566,'2024-09-18 12:20:17','77103459'),(567,'2024-09-18 12:20:21','71518842'),(568,'2024-09-18 12:20:41','60323402'),(569,'2024-09-18 12:20:49','73831971'),(570,'2024-09-18 12:20:55','73954618'),(571,'2024-09-18 12:20:59','72127682'),(572,'2024-09-18 12:21:04','75936383'),(573,'2024-09-18 12:21:06','73275049'),(574,'2024-09-18 12:21:09','76130805'),(575,'2024-09-18 12:21:15','74844197'),(576,'2024-09-18 12:21:18','77815497'),(577,'2024-09-18 12:21:23','73857381'),(578,'2024-09-18 12:21:33','61269014'),(579,'2024-09-18 12:23:54','71473612'),(580,'2024-09-18 12:24:35','70261012'),(581,'2024-09-18 12:24:48','72783236'),(582,'2024-09-18 12:24:59','71689014'),(583,'2024-09-18 12:25:23','73697707'),(584,'2024-09-18 12:27:13','60752568'),(585,'2024-09-18 12:29:25','73691207'),(586,'2024-09-18 12:30:42','76684850'),(587,'2024-09-18 12:30:46','75573507'),(588,'2024-09-18 12:31:58','71893163'),(589,'2024-09-18 12:32:57','70946722'),(590,'2024-09-18 12:33:32','73189177'),(591,'2024-09-18 12:34:05','72248120'),(592,'2024-09-18 12:34:10','70782220'),(593,'2024-09-18 12:34:24','73996991'),(594,'2024-09-18 12:34:36','70980417'),(595,'2024-09-18 12:34:43','76131307'),(596,'2024-09-18 12:34:56','76000986'),(597,'2024-09-18 12:35:07','73630913'),(598,'2024-09-18 12:35:33','60071300'),(599,'2024-09-18 12:35:37','71436172'),(600,'2024-09-18 12:35:41','75111008'),(601,'2024-09-18 12:35:45','71436177'),(602,'2024-09-18 12:35:48','62787873'),(603,'2024-09-18 12:35:51','75832454'),(604,'2024-09-18 12:35:56','72326058'),(605,'2024-09-18 12:36:01','76302883'),(606,'2024-09-18 12:36:05','77351693'),(607,'2024-09-18 12:36:12','72784124'),(608,'2024-09-18 12:36:59','71368272'),(609,'2024-09-18 12:37:02','60071236'),(610,'2024-09-18 12:37:21','74747511'),(611,'2024-09-18 12:37:25','73887673'),(612,'2024-09-18 12:37:28','75829033'),(613,'2024-09-18 12:37:34','72272038'),(614,'2024-09-18 12:37:37','73826531'),(615,'2024-09-18 12:37:41','74248740'),(616,'2024-09-18 12:37:44','60733011'),(617,'2024-09-18 12:37:48','60182564'),(618,'2024-09-18 12:38:11','76876278'),(619,'2024-09-18 12:38:15','60755281'),(620,'2024-09-18 12:38:18','70536580'),(621,'2024-09-18 12:38:22','74417726'),(622,'2024-09-18 12:38:27','71465170'),(623,'2024-09-18 12:38:30','73137741'),(624,'2024-09-18 12:38:35','77230462'),(625,'2024-09-18 12:38:38','75908003'),(626,'2024-09-18 12:38:45','60714037'),(627,'2024-09-18 12:38:48','77343297'),(628,'2024-09-18 12:38:54','74963297'),(629,'2024-09-18 12:38:57','76368635'),(630,'2024-09-18 12:39:11','76395591'),(631,'2024-09-18 12:39:14','75523452'),(632,'2024-09-18 12:39:18','72727575'),(633,'2024-09-18 12:39:22','46389522'),(634,'2024-09-18 12:39:38','70917566'),(635,'2024-09-18 12:39:48','60443186'),(636,'2024-09-18 12:39:58','73832103'),(637,'2024-09-18 12:40:17','75699079'),(638,'2024-09-18 12:40:33','72642995'),(639,'2024-09-18 12:40:37','74430454'),(640,'2024-09-18 12:40:43','70190103'),(641,'2024-09-18 12:40:55','62264010'),(642,'2024-09-18 12:41:01','75434735'),(643,'2024-09-18 12:41:04','76210253'),(644,'2024-09-18 12:41:07','72700491'),(645,'2024-09-18 12:41:10','71741669'),(646,'2024-09-18 12:41:13','72179717'),(647,'2024-09-18 12:41:16','75105488'),(648,'2024-09-18 12:41:26','71199832'),(649,'2024-09-18 12:41:36','77024067'),(650,'2024-09-18 12:41:39','75935977'),(651,'2024-09-18 12:41:43','60984398'),(652,'2024-09-18 12:41:47','72558584'),(653,'2024-09-18 12:41:51','74580370'),(654,'2024-09-18 12:41:54','61060280'),(655,'2024-09-18 12:41:58','72506357'),(656,'2024-09-18 12:42:02','76824017'),(657,'2024-09-18 12:42:05','43690202'),(658,'2024-09-18 12:42:15','72866478'),(659,'2024-09-18 12:42:19','71540152'),(660,'2024-09-18 12:42:23','73020962'),(661,'2024-09-18 12:42:26','73936484'),(662,'2024-09-18 12:42:29','73930140'),(663,'2024-09-18 12:42:34','76633110'),(664,'2024-09-18 12:42:38','60745312'),(665,'2024-09-18 12:42:41','75909883'),(666,'2024-09-18 12:42:49','60745115'),(667,'2024-09-18 12:43:02','60912150'),(668,'2024-09-18 12:43:15','71278401'),(669,'2024-09-18 12:43:25','73622920'),(670,'2024-09-18 12:43:29','76645315'),(671,'2024-09-18 12:43:31','75523404'),(672,'2024-09-18 12:43:34','71818323'),(673,'2024-09-18 12:43:46','73143047'),(674,'2024-09-18 12:43:50','60733047'),(675,'2024-09-18 12:44:02','60071117'),(676,'2024-09-18 12:44:10','71605942'),(677,'2024-09-18 12:44:13','60848557'),(678,'2024-09-18 12:44:22','78021728'),(679,'2024-09-18 12:44:26','72841849'),(680,'2024-09-18 12:44:30','74128193'),(681,'2024-09-18 12:44:34','72847107'),(682,'2024-09-18 12:44:37','72709409'),(683,'2024-09-18 12:44:51','72026343'),(684,'2024-09-18 12:44:55','71922211'),(685,'2024-09-18 12:45:03','75416480'),(686,'2024-09-18 12:45:08','72490149'),(687,'2024-09-18 12:45:21','75437066'),(688,'2024-09-18 12:45:24','75021313'),(689,'2024-09-18 12:45:28','73109244'),(690,'2024-09-18 12:45:39','74890694'),(691,'2024-09-18 12:46:05','75467555'),(692,'2024-09-18 12:46:10','74811186'),(693,'2024-09-18 12:46:14','73578828'),(694,'2024-09-18 12:46:36','73964840'),(695,'2024-09-18 12:46:55','76140712'),(696,'2024-09-18 12:47:00','74844080'),(697,'2024-09-18 12:47:04','75476576'),(698,'2024-09-18 12:47:16','61085972'),(699,'2024-09-18 12:47:33','60822260'),(700,'2024-09-18 12:48:56','60488511'),(701,'2024-09-18 12:49:16','62052047'),(702,'2024-09-18 12:51:41','76633115'),(703,'2024-09-18 12:52:28','73062176'),(704,'2024-09-18 12:52:32','76091531'),(705,'2024-09-18 12:52:35','74161430'),(706,'2024-09-18 12:52:39','76405835'),(707,'2024-09-18 12:52:43','76814601'),(708,'2024-09-18 12:52:50','70191276'),(709,'2024-09-18 12:52:53','60822167'),(710,'2024-09-18 12:52:55','60461409'),(711,'2024-09-18 12:52:58','74882739'),(712,'2024-09-18 12:53:01','77710149'),(713,'2024-09-18 12:53:08','74243738'),(714,'2024-09-18 12:53:21','78006381'),(715,'2024-09-18 12:53:25','72312855'),(716,'2024-09-18 12:53:45','74720948'),(717,'2024-09-18 12:53:50','76224178'),(718,'2024-09-18 12:54:01','71977410'),(719,'2024-09-18 12:54:06','73543323'),(720,'2024-09-18 12:54:09','72490140'),(721,'2024-09-18 12:54:13','76350852'),(722,'2024-09-18 12:54:17','74240811'),(723,'2024-09-18 12:54:21','76509613'),(724,'2024-09-18 12:54:24','76412738'),(725,'2024-09-18 12:55:03','76430071'),(726,'2024-09-18 12:55:08','75375323'),(727,'2024-09-18 12:55:37','75799843'),(728,'2024-09-18 12:56:21','72440080'),(729,'2024-09-18 12:56:27','77479471'),(730,'2024-09-18 12:57:39','60418742'),(731,'2024-09-18 12:57:47','77687862'),(732,'2024-09-18 12:59:34','75984978'),(733,'2024-09-18 13:01:08','70843839'),(734,'2024-09-18 13:01:21','77050350'),(735,'2024-09-18 13:02:51','71844992'),(736,'2024-09-18 13:03:43','74431032'),(737,'2024-09-18 13:04:02','70340334'),(738,'2024-09-18 13:04:06','70834578'),(739,'2024-09-18 13:04:18','72560246'),(740,'2024-09-18 13:05:45','76384224'),(741,'2024-09-18 13:05:59','75153177'),(742,'2024-09-18 13:06:04','61030490'),(743,'2024-09-18 13:06:07','76502216'),(744,'2024-09-18 13:06:10','76270478'),(745,'2024-09-18 13:06:55','71788449'),(746,'2024-09-18 13:07:49','72934014'),(747,'2024-09-18 13:07:58','77274920'),(748,'2024-09-18 13:08:03','76522087'),(749,'2024-09-18 13:08:37','72641620'),(750,'2024-09-18 13:08:51','74635625'),(751,'2024-09-18 13:08:55','71641249'),(752,'2024-09-18 13:10:08','60753084'),(753,'2024-09-18 13:10:21','75894151'),(754,'2024-09-18 13:10:46','72975372'),(755,'2024-09-18 13:11:15','72770576'),(756,'2024-09-18 13:11:55','48415879'),(757,'2024-09-18 13:12:06','72551682'),(758,'2024-09-18 13:12:12','73635840'),(759,'2024-09-18 13:12:16','70069438'),(760,'2024-09-18 13:12:20','74276495'),(761,'2024-09-18 13:13:08','60228759'),(762,'2024-09-18 13:13:22','73830752'),(763,'2024-09-18 13:13:28','72170519'),(764,'2024-09-18 13:14:06','73789502'),(765,'2024-09-18 13:14:12','72604723'),(766,'2024-09-18 13:14:17','73905453'),(767,'2024-09-18 13:14:26','72519372'),(768,'2024-09-18 13:15:18','73977567'),(769,'2024-09-18 13:15:50','48932200'),(770,'2024-09-18 13:16:06','74204282'),(771,'2024-09-18 13:17:29','74218636'),(772,'2024-09-18 13:20:54','74757475'),(773,'2024-09-18 13:22:09','71690429'),(774,'2024-09-18 13:22:14','60848731'),(775,'2024-09-18 13:22:18','72708418'),(776,'2024-09-18 13:22:23','60848461'),(777,'2024-09-18 13:24:01','74425008'),(778,'2024-09-18 13:25:05','60241050'),(779,'2024-09-18 13:27:11','76532516'),(780,'2024-09-18 13:27:47','73764871'),(781,'2024-09-18 13:27:57','70377227'),(782,'2024-09-18 13:28:57','73828823'),(783,'2024-09-18 13:29:32','75509354'),(784,'2024-09-18 13:29:51','72551867'),(785,'2024-09-18 13:31:41','72170573'),(786,'2024-09-18 13:33:25','76614803'),(787,'2024-09-18 13:33:35','71775598'),(788,'2024-09-18 13:35:33','72443579'),(789,'2024-09-18 13:36:01','71348068'),(790,'2024-09-18 13:36:22','70770755'),(791,'2024-09-18 13:36:28','71786998'),(792,'2024-09-18 13:36:32','76034441'),(793,'2024-09-18 13:36:53','76339687'),(794,'2024-09-18 13:38:43','73011322'),(795,'2024-09-18 13:38:48','77702970'),(796,'2024-09-18 13:44:13','60848761'),(797,'2024-09-18 13:44:52','74161893'),(798,'2024-09-18 13:47:30','60984421'),(799,'2024-09-18 13:47:49','71441157'),(800,'2024-09-18 13:50:33','75610055'),(801,'2024-09-18 13:50:41','76455168'),(802,'2024-09-18 13:50:45','45450964'),(803,'2024-09-18 13:58:17','73830679'),(804,'2024-09-19 12:06:18','72727575'),(805,'2024-09-19 12:06:22','75486389'),(806,'2024-09-19 12:06:25','73831260'),(807,'2024-09-19 12:06:30','72443579'),(808,'2024-09-19 12:06:33','71474676'),(809,'2024-09-19 12:06:36','73936919'),(810,'2024-09-19 12:06:38','72799675'),(811,'2024-09-19 12:06:41','74060214'),(812,'2024-09-19 12:06:53','71199832'),(813,'2024-09-19 12:06:56','73977567'),(814,'2024-09-19 12:06:58','72170519'),(815,'2024-09-19 12:07:01','75416480'),(816,'2024-09-19 12:07:04','72490149'),(817,'2024-09-19 12:07:07','72975372'),(818,'2024-09-19 12:07:09','73830752'),(819,'2024-09-19 12:07:13','73831943'),(820,'2024-09-19 12:07:16','71348068'),(821,'2024-09-19 12:07:19','74756277'),(822,'2024-09-19 12:07:22','73655485'),(823,'2024-09-19 12:07:24','72026343'),(824,'2024-09-19 12:07:29','71922211'),(825,'2024-09-19 12:07:34','75855825'),(826,'2024-09-19 12:07:38','70060778'),(827,'2024-09-19 12:07:40','74844080'),(828,'2024-09-19 12:07:42','75936383'),(829,'2024-09-19 12:07:49','72127682'),(830,'2024-09-19 12:07:51','70905558'),(831,'2024-09-19 12:07:54','74204282'),(832,'2024-09-19 12:07:57','73996991'),(833,'2024-09-19 12:08:00','75935977'),(834,'2024-09-19 12:08:08','77024067'),(835,'2024-09-19 12:08:12','60418742'),(836,'2024-09-19 12:08:14','77687862'),(837,'2024-09-19 12:08:17','76368635'),(838,'2024-09-19 12:08:33','75523404'),(839,'2024-09-19 12:08:36','76645315'),(840,'2024-09-19 12:08:39','75892450'),(841,'2024-09-19 12:08:42','72127681'),(842,'2024-09-19 12:08:44','75696637'),(843,'2024-09-19 12:08:47','77236226'),(844,'2024-09-19 12:08:50','72783236'),(845,'2024-09-19 12:08:59','71689014'),(846,'2024-09-19 12:09:01','73233489'),(847,'2024-09-19 12:09:04','72841849'),(848,'2024-09-19 12:09:06','72709409'),(849,'2024-09-19 12:09:09','70261012'),(850,'2024-09-19 12:09:12','71862291'),(851,'2024-09-19 12:09:14','75252581'),(852,'2024-09-19 12:09:17','71278401'),(853,'2024-09-19 12:09:20','73622920'),(854,'2024-09-19 12:09:29','73954618'),(855,'2024-09-19 12:10:28','60323402'),(856,'2024-09-19 12:10:31','71518842'),(857,'2024-09-19 12:11:04','72866478'),(858,'2024-09-19 12:11:07','71781863'),(859,'2024-09-19 12:11:14','73226140'),(860,'2024-09-19 12:11:23','76010839'),(861,'2024-09-19 12:11:25','73829211'),(862,'2024-09-19 12:11:28','72712678'),(863,'2024-09-19 12:11:32','77093158'),(864,'2024-09-19 12:11:34','74431057'),(865,'2024-09-19 12:11:37','77805554'),(866,'2024-09-19 12:11:39','60071271'),(867,'2024-09-19 12:11:41','60182564'),(868,'2024-09-19 12:11:45','70536580'),(869,'2024-09-19 12:11:48','73174579'),(870,'2024-09-19 12:11:51','75437066'),(871,'2024-09-19 12:11:54','72558584'),(872,'2024-09-19 12:11:57','74882739'),(873,'2024-09-19 12:12:00','76814601'),(874,'2024-09-19 12:12:03','76633110'),(875,'2024-09-19 12:12:06','73930140'),(876,'2024-09-19 12:12:09','73275049'),(877,'2024-09-19 12:15:53','70782220'),(878,'2024-09-19 12:15:56','71436177'),(879,'2024-09-19 12:15:59','70980417'),(880,'2024-09-19 12:16:16','76140712'),(881,'2024-09-19 12:16:28','70340334'),(882,'2024-09-19 12:18:54','60071300'),(883,'2024-09-19 12:19:11','75111008'),(884,'2024-09-19 12:19:28','71844900'),(885,'2024-09-19 12:19:39','73109244'),(886,'2024-09-19 12:19:56','74890694'),(887,'2024-09-19 12:20:03','76532516'),(888,'2024-09-19 12:20:54','60822260'),(889,'2024-09-19 12:21:05','76350852'),(890,'2024-09-19 12:21:10','74431032'),(891,'2024-09-19 12:21:47','77103459'),(892,'2024-09-19 12:21:52','60752568'),(893,'2024-09-19 12:24:21','60984421'),(894,'2024-09-19 12:28:19','71465170'),(895,'2024-09-19 12:28:31','72642995'),(896,'2024-09-19 12:29:27','73697707'),(897,'2024-09-19 12:29:46','74248740'),(898,'2024-09-19 12:30:52','60745312'),(899,'2024-09-19 12:31:24','70190103'),(900,'2024-09-19 12:31:29','75093465'),(901,'2024-09-19 12:31:33','75523452'),(902,'2024-09-19 12:31:38','60443186'),(903,'2024-09-19 12:32:38','76395591'),(904,'2024-09-19 12:32:43','71540152'),(905,'2024-09-19 12:32:55','62264010'),(906,'2024-09-19 12:32:59','75909883'),(907,'2024-09-19 12:33:04','73831971'),(908,'2024-09-19 12:33:18','75476576'),(909,'2024-09-19 12:33:23','75984978'),(910,'2024-09-19 12:33:28','73077049'),(911,'2024-09-19 12:33:33','71081647'),(912,'2024-09-19 12:34:02','72708418'),(913,'2024-09-19 12:34:06','60848461'),(914,'2024-09-19 12:36:05','77479471'),(915,'2024-09-19 12:38:20','74425008'),(916,'2024-09-19 12:38:57','60848731'),(917,'2024-09-19 12:39:09','76684850'),(918,'2024-09-19 12:39:13','75573507'),(919,'2024-09-19 12:39:24','72469292'),(920,'2024-09-19 12:39:33','74177744'),(921,'2024-09-19 12:39:43','72872965'),(922,'2024-09-19 12:41:13','71893163'),(923,'2024-09-19 12:42:16','74811186'),(924,'2024-09-19 12:42:22','72658188'),(925,'2024-09-19 12:42:25','76013018'),(926,'2024-09-19 12:42:34','75889241'),(927,'2024-09-19 12:42:39','71879516'),(928,'2024-09-19 12:42:41','62153018'),(929,'2024-09-19 12:42:57','74161429'),(930,'2024-09-19 12:43:02','73624936'),(931,'2024-09-19 12:43:06','76384224'),(932,'2024-09-19 12:43:09','75221164'),(933,'2024-09-19 12:43:16','70146571'),(934,'2024-09-19 12:43:22','75153191'),(935,'2024-09-19 12:43:26','73930762'),(936,'2024-09-19 12:43:29','72558508'),(937,'2024-09-19 12:43:32','73126516'),(938,'2024-09-19 12:43:37','73137741'),(939,'2024-09-19 12:43:44','77230462'),(940,'2024-09-19 12:43:46','61269014'),(941,'2024-09-19 12:43:49','73857381'),(942,'2024-09-19 12:43:52','74844197'),(943,'2024-09-19 12:43:56','76130805'),(944,'2024-09-19 12:44:01','75203854'),(945,'2024-09-19 12:44:13','76633115'),(946,'2024-09-19 12:44:17','77815497'),(947,'2024-09-19 12:44:20','71051076'),(948,'2024-09-19 12:44:35','77037896'),(949,'2024-09-19 12:44:45','60070901'),(950,'2024-09-19 12:44:47','76876278'),(951,'2024-09-19 12:44:51','60755281'),(952,'2024-09-19 12:44:54','75908003'),(953,'2024-09-19 12:44:59','60714037'),(954,'2024-09-19 12:45:03','73020981'),(955,'2024-09-19 12:45:08','43690202'),(956,'2024-09-19 12:45:11','75361045'),(957,'2024-09-19 12:45:14','75592418'),(958,'2024-09-19 12:45:18','77414556'),(959,'2024-09-19 12:45:20','76824017'),(960,'2024-09-19 12:45:26','74314914'),(961,'2024-09-19 12:45:39','72506300'),(962,'2024-09-19 12:46:03','61085972'),(963,'2024-09-19 12:46:07','73936484'),(964,'2024-09-19 12:46:11','73020962'),(965,'2024-09-19 12:46:17','71587415'),(966,'2024-09-19 12:46:21','73032371'),(967,'2024-09-19 12:46:24','73905453'),(968,'2024-09-19 12:46:29','72934014'),(969,'2024-09-19 12:46:32','60488511'),(970,'2024-09-19 12:46:36','73828823'),(971,'2024-09-19 12:46:54','60912150'),(972,'2024-09-19 12:46:58','60745115'),(973,'2024-09-19 12:47:03','77343297'),(974,'2024-09-19 12:47:08','74929607'),(975,'2024-09-19 12:47:11','75907880'),(976,'2024-09-19 12:47:15','46389522'),(977,'2024-09-19 12:47:36','70917566'),(978,'2024-09-19 12:47:57','60733047'),(979,'2024-09-19 12:48:14','72847107'),(980,'2024-09-19 12:48:18','72700491'),(981,'2024-09-19 12:48:22','72714345'),(982,'2024-09-19 12:48:25','76210253'),(983,'2024-09-19 12:48:29','71741669'),(984,'2024-09-19 12:48:32','72179717'),(985,'2024-09-19 12:48:34','60984398'),(986,'2024-09-19 12:48:37','61060280'),(987,'2024-09-19 12:48:39','60848557'),(988,'2024-09-19 12:48:43','72784124'),(989,'2024-09-19 12:48:51','73459553'),(990,'2024-09-19 12:48:56','76307291'),(991,'2024-09-19 12:49:02','60071117'),(992,'2024-09-19 12:49:15','71089625'),(993,'2024-09-19 12:50:02','60733011'),(994,'2024-09-19 12:50:07','74080720'),(995,'2024-09-19 12:50:11','71936831'),(996,'2024-09-19 12:50:14','76302883'),(997,'2024-09-19 12:50:19','76405835'),(998,'2024-09-19 12:50:21','76509613'),(999,'2024-09-19 12:50:27','74243738'),(1000,'2024-09-19 12:50:30','70102921'),(1001,'2024-09-19 12:50:33','72657709'),(1002,'2024-09-19 12:50:36','70191276'),(1003,'2024-09-19 12:50:41','77710149'),(1004,'2024-09-19 12:50:48','77274920'),(1005,'2024-09-19 12:51:26','73062176'),(1006,'2024-09-19 12:51:34','71436196'),(1007,'2024-09-19 12:51:42','60071236'),(1008,'2024-09-19 12:51:47','75454325'),(1009,'2024-09-19 12:51:53','72604835'),(1010,'2024-09-19 12:51:57','73207060'),(1011,'2024-09-19 12:52:00','73831202'),(1012,'2024-09-19 12:52:04','76297041'),(1013,'2024-09-19 12:52:08','60461409'),(1014,'2024-09-19 12:52:11','71844992'),(1015,'2024-09-19 12:52:15','71025400'),(1016,'2024-09-19 12:52:49','77351693'),(1017,'2024-09-19 12:52:59','71786998'),(1018,'2024-09-19 12:53:10','76034441'),(1019,'2024-09-19 12:53:14','76528160'),(1020,'2024-09-19 12:53:17','71605942'),(1021,'2024-09-19 12:53:27','74635625'),(1022,'2024-09-19 12:53:30','77702970'),(1023,'2024-09-19 12:53:45','72387003'),(1024,'2024-09-19 12:54:01','72506357'),(1025,'2024-09-19 12:54:05','72500450'),(1026,'2024-09-19 12:54:10','74750310'),(1027,'2024-09-19 12:54:13','48695685'),(1028,'2024-09-19 12:54:16','72604566'),(1029,'2024-09-19 12:54:27','76430071'),(1030,'2024-09-19 12:54:30','77333861'),(1031,'2024-09-19 12:57:04','72248120'),(1032,'2024-09-19 12:57:08','74430454'),(1033,'2024-09-19 12:57:11','76626533'),(1034,'2024-09-19 12:57:14','73828892'),(1035,'2024-09-19 12:57:18','75375323'),(1036,'2024-09-19 12:57:33','72312855'),(1037,'2024-09-19 12:57:37','71025401'),(1038,'2024-09-19 12:57:53','71977410'),(1039,'2024-09-19 12:58:00','71844901'),(1040,'2024-09-19 12:58:04','73691207'),(1041,'2024-09-19 12:58:07','73832103'),(1042,'2024-09-19 12:58:09','74240811'),(1043,'2024-09-19 12:58:17','74757475'),(1044,'2024-09-19 12:58:23','74720948'),(1045,'2024-09-19 12:58:26','76224178'),(1046,'2024-09-19 12:58:29','70069438'),(1047,'2024-09-19 12:58:32','74276495'),(1048,'2024-09-19 12:58:35','73830657'),(1049,'2024-09-19 12:58:38','72306109'),(1050,'2024-09-19 12:58:41','74381302'),(1051,'2024-09-19 12:59:24','73789502'),(1052,'2024-09-19 13:01:22','72326058'),(1053,'2024-09-19 13:01:25','75832454'),(1054,'2024-09-19 13:01:28','73829853'),(1055,'2024-09-19 13:01:31','77326453'),(1056,'2024-09-19 13:01:42','75699079'),(1057,'2024-09-19 13:01:51','72519372'),(1058,'2024-09-19 13:01:54','60822167'),(1059,'2024-09-19 13:02:05','72551682'),(1060,'2024-09-19 13:02:07','76412738'),(1061,'2024-09-19 13:03:32','70770755'),(1062,'2024-09-19 13:04:32','75336239'),(1063,'2024-09-19 13:04:49','72604723'),(1064,'2024-09-19 13:04:54','71641249'),(1065,'2024-09-19 13:04:58','73011322'),(1066,'2024-09-19 13:05:48','76350835'),(1067,'2024-09-19 13:05:52','60241050'),(1068,'2024-09-19 13:06:54','75467555'),(1069,'2024-09-19 13:06:58','73578828'),(1070,'2024-09-19 13:07:01','75799843'),(1071,'2024-09-19 13:07:10','76502216'),(1072,'2024-09-19 13:07:13','61030490'),(1073,'2024-09-19 13:07:16','76270478'),(1074,'2024-09-19 13:07:31','74963297'),(1075,'2024-09-19 13:09:02','60753084'),(1076,'2024-09-19 13:11:22','70377227'),(1077,'2024-09-19 13:12:48','76614803'),(1078,'2024-09-19 13:14:45','72170573'),(1079,'2024-09-19 13:14:49','76522087'),(1080,'2024-09-19 13:14:52','60848761'),(1081,'2024-09-19 13:16:06','74218636'),(1082,'2024-09-19 13:17:29','74967612'),(1083,'2024-09-19 13:17:39','72712741'),(1084,'2024-09-19 13:19:34','72440080'),(1085,'2024-09-19 13:22:05','60228759'),(1086,'2024-09-19 13:23:42','75255663'),(1087,'2024-09-19 13:26:47','75610055'),(1088,'2024-09-19 13:26:50','76455168'),(1089,'2024-09-19 13:30:58','48415879'),(1090,'2024-09-19 13:31:02','72770576'),(1091,'2024-09-19 13:31:24','72551867'),(1092,'2024-09-19 13:33:50','71473612'),(1093,'2024-09-19 13:37:00','71089623'),(1094,'2024-09-19 13:37:03','75376617'),(1095,'2024-09-19 13:37:08','71441157'),(1096,'2024-09-19 13:48:39','70782812'),(1097,'2024-09-19 13:48:43','74161893'),(1098,'2024-09-19 13:51:12','76339687'),(1099,'2024-09-19 13:57:12','75509354'),(1100,'2024-09-20 12:02:07','75799843'),(1101,'2024-09-20 12:02:43','60755281'),(1102,'2024-09-20 12:02:47','73578828'),(1103,'2024-09-20 12:02:50','72469292'),(1104,'2024-09-20 12:02:55','60714037'),(1105,'2024-09-20 12:02:57','75908003'),(1106,'2024-09-20 12:03:01','72727575'),(1107,'2024-09-20 12:03:03','75105488'),(1108,'2024-09-20 12:03:11','73226140'),(1109,'2024-09-20 12:03:18','76010839'),(1110,'2024-09-20 12:03:21','75592418'),(1111,'2024-09-20 12:03:23','71474676'),(1112,'2024-09-20 12:03:27','75361045'),(1113,'2024-09-20 12:03:29','74431057'),(1114,'2024-09-20 12:03:31','73020981'),(1115,'2024-09-20 12:03:34','73829211'),(1116,'2024-09-20 12:03:36','75935977'),(1117,'2024-09-20 12:03:38','77024067'),(1118,'2024-09-20 12:03:42','73936484'),(1119,'2024-09-20 12:03:44','71278401'),(1120,'2024-09-20 12:03:52','72519372'),(1121,'2024-09-20 12:03:55','73831260'),(1122,'2024-09-20 12:03:58','71081647'),(1123,'2024-09-20 12:04:01','60733011'),(1124,'2024-09-20 12:04:05','76307291'),(1125,'2024-09-20 12:04:08','60733047'),(1126,'2024-09-20 12:04:11','60071117'),(1127,'2024-09-20 12:04:23','61060280'),(1128,'2024-09-20 12:04:28','60984398'),(1129,'2024-09-20 12:04:40','74177744'),(1130,'2024-09-20 12:04:43','73622920'),(1131,'2024-09-20 12:04:48','77479471'),(1132,'2024-09-20 12:04:58','74844080'),(1133,'2024-09-20 12:05:01','61085972'),(1134,'2024-09-20 12:05:10','75476576'),(1135,'2024-09-20 12:05:13','60745115'),(1136,'2024-09-20 12:05:17','60912150'),(1137,'2024-09-20 12:05:20','60418742'),(1138,'2024-09-20 12:05:22','76368635'),(1139,'2024-09-20 12:05:23','73459553'),(1140,'2024-09-20 12:05:27','71025400'),(1141,'2024-09-20 12:05:29','76210253'),(1142,'2024-09-20 12:05:31','60848557'),(1143,'2024-09-20 12:05:36','71741669'),(1144,'2024-09-20 12:05:38','72179717'),(1145,'2024-09-20 12:05:45','74218636'),(1146,'2024-09-20 12:05:52','72551682'),(1147,'2024-09-20 12:06:00','74161429'),(1148,'2024-09-20 12:06:02','74276495'),(1149,'2024-09-20 12:06:06','73828823'),(1150,'2024-09-20 12:06:09','73996991'),(1151,'2024-09-20 12:06:11','73233489'),(1152,'2024-09-20 12:06:13','72709409'),(1153,'2024-09-20 12:06:15','72847107'),(1154,'2024-09-20 12:06:19','74128193'),(1155,'2024-09-20 12:06:22','71518842'),(1156,'2024-09-20 12:06:25','77103459'),(1157,'2024-09-20 12:06:27','60752568'),(1158,'2024-09-20 12:06:29','71781863'),(1159,'2024-09-20 12:06:32','73174579'),(1160,'2024-09-20 12:06:35','73905453'),(1161,'2024-09-20 12:06:37','77805554'),(1162,'2024-09-20 12:06:40','76224178'),(1163,'2024-09-20 12:06:42','74720948'),(1164,'2024-09-20 12:06:46','72312855'),(1165,'2024-09-20 12:06:48','70905558'),(1166,'2024-09-20 12:06:51','73189177'),(1167,'2024-09-20 12:06:59','72714345'),(1168,'2024-09-20 12:07:03','77236226'),(1169,'2024-09-20 12:07:11','74882739'),(1170,'2024-09-20 12:07:21','60822260'),(1171,'2024-09-20 12:07:31','78021728'),(1172,'2024-09-20 12:07:33','74314914'),(1173,'2024-09-20 12:07:36','72506357'),(1174,'2024-09-20 12:07:38','76824017'),(1175,'2024-09-20 12:08:00','72872965'),(1176,'2024-09-20 12:08:04','70864744'),(1177,'2024-09-20 12:08:09','72026343'),(1178,'2024-09-20 12:08:13','71922211'),(1179,'2024-09-20 12:08:19','60071236'),(1180,'2024-09-20 12:08:21','76297041'),(1181,'2024-09-20 12:08:24','43690202'),(1182,'2024-09-20 12:08:27','77687862'),(1183,'2024-09-20 12:08:30','72783236'),(1184,'2024-09-20 12:08:44','70261012'),(1185,'2024-09-20 12:08:48','71689014'),(1186,'2024-09-20 12:10:39','75416480'),(1187,'2024-09-20 12:10:46','73830752'),(1188,'2024-09-20 12:12:04','70980417'),(1189,'2024-09-20 12:12:07','60182564'),(1190,'2024-09-20 12:12:10','70536580'),(1191,'2024-09-20 12:12:15','70782220'),(1192,'2024-09-20 12:12:20','73826531'),(1193,'2024-09-20 12:12:27','71436177'),(1194,'2024-09-20 12:12:41','62787873'),(1195,'2024-09-20 12:13:21','74080720'),(1196,'2024-09-20 12:13:29','71936831'),(1197,'2024-09-20 12:14:20','72700491'),(1198,'2024-09-20 12:15:21','71501594'),(1199,'2024-09-20 12:15:26','75486389'),(1200,'2024-09-20 12:15:33','76302883'),(1201,'2024-09-20 12:15:36','71436172'),(1202,'2024-09-20 12:15:45','70946722'),(1203,'2024-09-20 12:15:55','60071300'),(1204,'2024-09-20 12:15:59','75111008'),(1205,'2024-09-20 12:16:52','72712678'),(1206,'2024-09-20 12:17:49','76329968'),(1207,'2024-09-20 12:18:08','72841849'),(1208,'2024-09-20 12:20:07','74240811'),(1209,'2024-09-20 12:20:10','73829853'),(1210,'2024-09-20 12:20:15','77326453'),(1211,'2024-09-20 12:20:19','60323402'),(1212,'2024-09-20 12:20:50','75021313'),(1213,'2024-09-20 12:20:55','76131307'),(1214,'2024-09-20 12:20:57','73630913'),(1215,'2024-09-20 12:21:02','62153018'),(1216,'2024-09-20 12:21:06','77037896'),(1217,'2024-09-20 12:21:08','60070901'),(1218,'2024-09-20 12:21:14','72558508'),(1219,'2024-09-20 12:23:34','72604566'),(1220,'2024-09-20 12:23:37','74750310'),(1221,'2024-09-20 12:23:40','73275049'),(1222,'2024-09-20 12:25:05','74747511'),(1223,'2024-09-20 12:25:43','73887673'),(1224,'2024-09-20 12:25:48','75829033'),(1225,'2024-09-20 12:25:51','72170519'),(1226,'2024-09-20 12:26:19','75907880'),(1227,'2024-09-20 12:26:22','75889241'),(1228,'2024-09-20 12:27:22','74417726'),(1229,'2024-09-20 12:28:34','76013018'),(1230,'2024-09-20 12:28:38','72658188'),(1231,'2024-09-20 12:28:55','71879516'),(1232,'2024-09-20 12:29:05','72712741'),(1233,'2024-09-20 12:32:09','73697707'),(1234,'2024-09-20 12:34:47','73930762'),(1235,'2024-09-20 12:35:39','72272038'),(1236,'2024-09-20 12:35:47','76000986'),(1237,'2024-09-20 12:37:27','75909883'),(1238,'2024-09-20 12:37:40','60745312'),(1239,'2024-09-20 12:40:01','75255663'),(1240,'2024-09-20 12:40:09','72248120'),(1241,'2024-09-20 12:40:13','74248740'),(1242,'2024-09-20 12:40:15','74430454'),(1243,'2024-09-20 12:40:34','71465170'),(1244,'2024-09-20 12:40:39','75984978'),(1245,'2024-09-20 12:41:34','75093465'),(1246,'2024-09-20 12:43:28','75523452'),(1247,'2024-09-20 12:43:37','76395591'),(1248,'2024-09-20 12:43:57','72387003'),(1249,'2024-09-20 12:44:00','75573507'),(1250,'2024-09-20 12:44:04','76684850'),(1251,'2024-09-20 12:44:22','75894151'),(1252,'2024-09-20 12:44:42','71540152'),(1253,'2024-09-20 12:45:00','70190103'),(1254,'2024-09-20 12:45:27','60488511'),(1255,'2024-09-20 12:45:31','60443186'),(1256,'2024-09-20 12:45:34','62264010'),(1257,'2024-09-20 12:45:37','74929607'),(1258,'2024-09-20 12:45:57','73653239'),(1259,'2024-09-20 12:46:23','73831971'),(1260,'2024-09-20 12:46:46','72127681'),(1261,'2024-09-20 12:46:49','75696637'),(1262,'2024-09-20 12:46:53','72127682'),(1263,'2024-09-20 12:47:07','72934014'),(1264,'2024-09-20 12:47:12','73964840'),(1265,'2024-09-20 12:47:21','71441157'),(1266,'2024-09-20 12:47:26','71893163'),(1267,'2024-09-20 12:47:59','75892450'),(1268,'2024-09-20 12:49:37','73077049'),(1269,'2024-09-20 12:49:44','71587415'),(1270,'2024-09-20 12:49:48','73032371'),(1271,'2024-09-20 12:49:50','71977410'),(1272,'2024-09-20 12:50:20','74243738'),(1273,'2024-09-20 12:50:29','78006381'),(1274,'2024-09-20 12:50:32','73020962'),(1275,'2024-09-20 12:50:35','74431032'),(1276,'2024-09-20 12:50:37','48932200'),(1277,'2024-09-20 12:50:44','73635840'),(1278,'2024-09-20 12:50:49','76345137'),(1279,'2024-09-20 12:50:57','75375323'),(1280,'2024-09-20 12:51:01','76430071'),(1281,'2024-09-20 12:51:05','70782812'),(1282,'2024-09-20 12:51:08','70102921'),(1283,'2024-09-20 12:51:11','60984421'),(1284,'2024-09-20 12:51:14','76350852'),(1285,'2024-09-20 12:51:19','71436196'),(1286,'2024-09-20 12:51:24','73832103'),(1287,'2024-09-20 12:51:26','72604835'),(1288,'2024-09-20 12:51:28','76626533'),(1289,'2024-09-20 12:51:33','73691207'),(1290,'2024-09-20 12:51:35','73831202'),(1291,'2024-09-20 12:51:37','76509613'),(1292,'2024-09-20 12:51:40','71844901'),(1293,'2024-09-20 12:51:42','73207060'),(1294,'2024-09-20 12:51:44','77230462'),(1295,'2024-09-20 12:51:47','73137741'),(1296,'2024-09-20 12:51:50','73624936'),(1297,'2024-09-20 12:52:03','76384224'),(1298,'2024-09-20 12:52:13','72784124'),(1299,'2024-09-20 12:53:02','75336239'),(1300,'2024-09-20 12:54:02','74963297'),(1301,'2024-09-20 12:54:32','46389522'),(1302,'2024-09-20 12:54:46','70917566'),(1303,'2024-09-20 12:54:50','75832454'),(1304,'2024-09-20 12:54:54','72326058'),(1305,'2024-09-20 12:58:16','71089625'),(1306,'2024-09-20 12:58:19','76140712'),(1307,'2024-09-20 12:58:28','75153177'),(1308,'2024-09-20 12:58:39','71844992'),(1309,'2024-09-20 12:58:42','73543323'),(1310,'2024-09-20 12:58:45','73831943'),(1311,'2024-09-20 12:58:48','77710149'),(1312,'2024-09-20 12:58:51','72490140'),(1313,'2024-09-20 12:58:55','74756277'),(1314,'2024-09-20 12:58:58','60822167'),(1315,'2024-09-20 12:59:00','74161430'),(1316,'2024-09-20 12:59:03','76814601'),(1317,'2024-09-20 12:59:08','73062176'),(1318,'2024-09-20 12:59:10','77274920'),(1319,'2024-09-20 12:59:14','72642995'),(1320,'2024-09-20 12:59:17','76614803'),(1321,'2024-09-20 13:00:47','77343297'),(1322,'2024-09-20 13:00:58','76130805'),(1323,'2024-09-20 13:01:01','77815497'),(1324,'2024-09-20 13:01:04','74844197'),(1325,'2024-09-20 13:01:07','76633115'),(1326,'2024-09-20 13:02:46','76502216'),(1327,'2024-09-20 13:02:51','61030490'),(1328,'2024-09-20 13:03:28','76270478'),(1329,'2024-09-20 13:03:33','60753084'),(1330,'2024-09-20 13:03:36','74757475'),(1331,'2024-09-20 13:05:07','60461409'),(1332,'2024-09-20 13:07:38','70146571'),(1333,'2024-09-20 13:07:41','75221164'),(1334,'2024-09-20 13:10:01','72558584'),(1335,'2024-09-20 13:10:04','75437066'),(1336,'2024-09-20 13:10:11','76350865'),(1337,'2024-09-20 13:12:01','60241050'),(1338,'2024-09-20 13:15:44','48415879'),(1339,'2024-09-20 13:15:48','72770576'),(1340,'2024-09-20 13:16:09','71690429'),(1341,'2024-09-20 13:16:14','60848461'),(1342,'2024-09-20 13:16:18','72708418'),(1343,'2024-09-20 13:16:21','60848731'),(1344,'2024-09-20 13:17:16','74635625'),(1345,'2024-09-20 13:17:26','77414556'),(1346,'2024-09-20 13:19:04','74425008'),(1347,'2024-09-20 13:19:09','71473612'),(1348,'2024-09-20 13:21:57','70377227'),(1349,'2024-09-20 13:28:20','75509354'),(1350,'2024-09-20 13:28:43','72170573'),(1351,'2024-09-20 13:28:47','76522087'),(1352,'2024-09-20 13:28:50','60848761'),(1353,'2024-09-20 13:28:57','72604723'),(1354,'2024-09-20 13:29:02','77351693'),(1355,'2024-09-20 13:29:11','70770755'),(1356,'2024-09-20 13:29:19','74204282'),(1357,'2024-09-20 13:29:23','76350835'),(1358,'2024-09-20 13:29:28','70069438'),(1359,'2024-09-20 13:32:07','76034441'),(1360,'2024-09-20 13:32:14','71641249'),(1361,'2024-09-20 13:32:46','71786998'),(1362,'2024-09-20 13:32:52','77333861'),(1363,'2024-09-20 13:32:57','76412738'),(1364,'2024-09-20 13:33:01','73830657'),(1365,'2024-09-20 13:33:05','72306109'),(1366,'2024-09-20 13:33:08','74161893'),(1367,'2024-09-20 13:33:54','76980478'),(1368,'2024-09-20 13:35:13','70843839'),(1369,'2024-09-20 13:36:54','73764871'),(1370,'2024-09-20 13:37:48','74811186'),(1371,'2024-09-20 13:37:52','75376617'),(1372,'2024-09-20 13:38:04','73954618'),(1373,'2024-09-20 13:45:02','62321093'),(1374,'2024-09-20 13:45:07','76405835'),(1375,'2024-09-20 13:45:16','76532516'),(1376,'2024-09-20 13:48:47','76091531'),(1377,'2024-09-20 13:49:13','45450964'),(1378,'2024-09-20 13:50:00','76528160'),(1379,'2024-09-20 13:50:05','71605942'),(1380,'2024-09-20 14:01:14','73011322'),(1381,'2024-09-20 14:02:24','74967612'),(1382,'2024-09-20 14:07:16','71089623'),(1383,'2024-09-20 14:14:02','60071271'),(1384,'2024-09-20 14:16:54','76455168'),(1385,'2024-09-20 14:38:23','71788449'),(1386,'2024-09-23 12:01:00','74580370'),(1387,'2024-09-23 12:01:04','75437066'),(1388,'2024-09-23 12:01:15','73830752'),(1389,'2024-09-23 12:01:27','72558584'),(1390,'2024-09-23 12:01:31','72975372'),(1391,'2024-09-23 12:01:34','60745115'),(1392,'2024-09-23 12:01:37','60912150'),(1393,'2024-09-23 12:01:40','73831260'),(1394,'2024-09-23 12:01:42','72519372'),(1395,'2024-09-23 12:01:45','70770755'),(1396,'2024-09-23 12:01:56','74204282'),(1397,'2024-09-23 12:02:00','73996991'),(1398,'2024-09-23 12:02:04','72712678'),(1399,'2024-09-23 12:02:07','71786998'),(1400,'2024-09-23 12:02:09','76034441'),(1401,'2024-09-23 12:02:11','71641249'),(1402,'2024-09-23 12:02:13','73905453'),(1403,'2024-09-23 12:02:16','72604723'),(1404,'2024-09-23 12:02:18','76350835'),(1405,'2024-09-23 12:02:21','70069438'),(1406,'2024-09-23 12:02:26','74635625'),(1407,'2024-09-23 12:02:28','74425008'),(1408,'2024-09-23 12:02:43','74218636'),(1409,'2024-09-23 12:02:49','70794011'),(1410,'2024-09-23 12:02:53','71474676'),(1411,'2024-09-23 12:02:56','73174579'),(1412,'2024-09-23 12:02:58','76307291'),(1413,'2024-09-23 12:03:01','74276495'),(1414,'2024-09-23 12:03:03','71862291'),(1415,'2024-09-23 12:03:05','75252581'),(1416,'2024-09-23 12:03:15','75361045'),(1417,'2024-09-23 12:03:25','73020981'),(1418,'2024-09-23 12:03:26','75592418'),(1419,'2024-09-23 12:03:28','77414556'),(1420,'2024-09-23 12:03:32','71025400'),(1421,'2024-09-23 12:03:37','73126516'),(1422,'2024-09-23 12:03:39','72558508'),(1423,'2024-09-23 12:03:47','72506300'),(1424,'2024-09-23 12:03:50','62153018'),(1425,'2024-09-23 12:03:53','74161429'),(1426,'2024-09-23 12:03:56','71501594'),(1427,'2024-09-23 12:03:58','75486389'),(1428,'2024-09-23 12:04:00','71879516'),(1429,'2024-09-23 12:04:03','72658188'),(1430,'2024-09-23 12:04:05','76013018'),(1431,'2024-09-23 12:04:08','72490149'),(1432,'2024-09-23 12:04:11','75416480'),(1433,'2024-09-23 12:04:18','70843839'),(1434,'2024-09-23 12:04:21','77050350'),(1435,'2024-09-23 12:04:23','70834578'),(1436,'2024-09-23 12:04:25','72560246'),(1437,'2024-09-23 12:04:48','71781863'),(1438,'2024-09-23 12:04:50','73829211'),(1439,'2024-09-23 12:04:53','77093158'),(1440,'2024-09-23 12:04:55','74431057'),(1441,'2024-09-23 12:04:58','60733011'),(1442,'2024-09-23 12:05:00','61060280'),(1443,'2024-09-23 12:05:03','60984398'),(1444,'2024-09-23 12:05:06','76210253'),(1445,'2024-09-23 12:05:11','60071117'),(1446,'2024-09-23 12:05:15','60733047'),(1447,'2024-09-23 12:05:20','60848557'),(1448,'2024-09-23 12:05:23','71741669'),(1449,'2024-09-23 12:05:26','72179717'),(1450,'2024-09-23 12:05:30','77037896'),(1451,'2024-09-23 12:05:37','60070901'),(1452,'2024-09-23 12:05:44','72500450'),(1453,'2024-09-23 12:05:50','74750310'),(1454,'2024-09-23 12:05:53','75889241'),(1455,'2024-09-23 12:06:00','74177744'),(1456,'2024-09-23 12:06:07','72872965'),(1457,'2024-09-23 12:06:15','72440080'),(1458,'2024-09-23 12:06:18','75255663'),(1459,'2024-09-23 12:06:21','73936919'),(1460,'2024-09-23 12:06:23','72799675'),(1461,'2024-09-23 12:06:27','74060214'),(1462,'2024-09-23 12:06:30','73831943'),(1463,'2024-09-23 12:06:33','73655485'),(1464,'2024-09-23 12:06:35','73624936'),(1465,'2024-09-23 12:06:48','70536580'),(1466,'2024-09-23 12:06:53','60182564'),(1467,'2024-09-23 12:08:15','72026343'),(1468,'2024-09-23 12:08:18','71922211'),(1469,'2024-09-23 12:09:28','75855825'),(1470,'2024-09-23 12:09:33','70060778'),(1471,'2024-09-23 12:11:28','76430071'),(1472,'2024-09-23 12:14:00','74844080'),(1473,'2024-09-23 12:14:11','75476576'),(1474,'2024-09-23 12:14:14','72551867'),(1475,'2024-09-23 12:14:18','71775598'),(1476,'2024-09-23 12:14:21','60822260'),(1477,'2024-09-23 12:14:33','70261012'),(1478,'2024-09-23 12:14:38','71689014'),(1479,'2024-09-23 12:14:43','73233489'),(1480,'2024-09-23 12:15:02','60323402'),(1481,'2024-09-23 12:15:07','77103459'),(1482,'2024-09-23 12:15:10','71518842'),(1483,'2024-09-23 12:15:13','60752568'),(1484,'2024-09-23 12:16:19','72783236'),(1485,'2024-09-23 12:16:22','77236226'),(1486,'2024-09-23 12:16:26','61085972'),(1487,'2024-09-23 12:17:13','75936383'),(1488,'2024-09-23 12:17:35','48932200'),(1489,'2024-09-23 12:17:41','72551682'),(1490,'2024-09-23 12:18:14','73275049'),(1491,'2024-09-23 12:18:57','77351693'),(1492,'2024-09-23 12:21:12','76395591'),(1493,'2024-09-23 12:21:22','71465170'),(1494,'2024-09-23 12:22:19','71540152'),(1495,'2024-09-23 12:22:25','75093465'),(1496,'2024-09-23 12:23:25','72170519'),(1497,'2024-09-23 12:23:46','60443186'),(1498,'2024-09-23 12:23:49','72784124'),(1499,'2024-09-23 12:23:52','70190103'),(1500,'2024-09-23 12:23:55','75909883'),(1501,'2024-09-23 12:23:58','60745312'),(1502,'2024-09-23 12:24:08','62264010'),(1503,'2024-09-23 12:24:11','60822167'),(1504,'2024-09-23 12:25:10','70340334'),(1505,'2024-09-23 12:25:16','72700491'),(1506,'2024-09-23 12:26:35','74248740'),(1507,'2024-09-23 12:26:39','73831971'),(1508,'2024-09-23 12:26:42','72306109'),(1509,'2024-09-23 12:26:45','73830657'),(1510,'2024-09-23 12:27:20','76824017'),(1511,'2024-09-23 12:27:23','72506357'),(1512,'2024-09-23 12:27:26','74314914'),(1513,'2024-09-23 12:27:29','71051076'),(1514,'2024-09-23 12:27:33','76814601'),(1515,'2024-09-23 12:29:45','60071236'),(1516,'2024-09-23 12:29:48','77805554'),(1517,'2024-09-23 12:29:52','60755281'),(1518,'2024-09-23 12:30:31','77815497'),(1519,'2024-09-23 12:30:43','77333861'),(1520,'2024-09-23 12:30:47','76412738'),(1521,'2024-09-23 12:30:58','76528160'),(1522,'2024-09-23 12:32:48','76297041'),(1523,'2024-09-23 12:32:58','43690202'),(1524,'2024-09-23 12:33:53','74929607'),(1525,'2024-09-23 12:33:56','76876278'),(1526,'2024-09-23 12:34:10','72714345'),(1527,'2024-09-23 12:34:13','75908003'),(1528,'2024-09-23 12:34:26','75467555'),(1529,'2024-09-23 12:34:32','73578828'),(1530,'2024-09-23 12:34:36','75799843'),(1531,'2024-09-23 12:34:40','75573507'),(1532,'2024-09-23 12:35:43','75221164'),(1533,'2024-09-23 12:35:46','75832454'),(1534,'2024-09-23 12:35:49','72326058'),(1535,'2024-09-23 12:35:53','75153191'),(1536,'2024-09-23 12:36:40','74161430'),(1537,'2024-09-23 12:37:15','73137741'),(1538,'2024-09-23 12:38:15','73828823'),(1539,'2024-09-23 12:38:26','72387003'),(1540,'2024-09-23 12:38:30','76130805'),(1541,'2024-09-23 12:38:35','74844197'),(1542,'2024-09-23 12:38:46','61269014'),(1543,'2024-09-23 12:39:00','73857381'),(1544,'2024-09-23 12:39:03','76633115'),(1545,'2024-09-23 12:39:09','76000986'),(1546,'2024-09-23 12:39:12','73630913'),(1547,'2024-09-23 12:39:20','73077049'),(1548,'2024-09-23 12:39:22','73964840'),(1549,'2024-09-23 12:39:32','71081647'),(1550,'2024-09-23 12:39:45','75203854'),(1551,'2024-09-23 12:39:50','74381302'),(1552,'2024-09-23 12:40:31','70980417'),(1553,'2024-09-23 12:41:01','72248120'),(1554,'2024-09-23 12:41:06','74430454'),(1555,'2024-09-23 12:41:14','71368272'),(1556,'2024-09-23 12:41:49','74967612'),(1557,'2024-09-23 12:42:17','60071300'),(1558,'2024-09-23 12:42:41','75111008'),(1559,'2024-09-23 12:43:23','62787873'),(1560,'2024-09-23 12:43:37','73826531'),(1561,'2024-09-23 12:43:41','76131307'),(1562,'2024-09-23 12:43:47','71436172'),(1563,'2024-09-23 12:43:50','76302883'),(1564,'2024-09-23 12:44:25','74747511'),(1565,'2024-09-23 12:44:30','73887673'),(1566,'2024-09-23 12:44:33','75829033'),(1567,'2024-09-23 12:44:40','70782220'),(1568,'2024-09-23 12:45:08','76384224'),(1569,'2024-09-23 12:45:51','74963297'),(1570,'2024-09-23 12:45:55','71436177'),(1571,'2024-09-23 12:46:04','73011322'),(1572,'2024-09-23 12:46:50','72443579'),(1573,'2024-09-23 12:46:54','73829853'),(1574,'2024-09-23 12:46:57','77326453'),(1575,'2024-09-23 12:47:14','77343297'),(1576,'2024-09-23 12:48:27','71089625'),(1577,'2024-09-23 12:49:25','70905558'),(1578,'2024-09-23 12:50:20','74902579'),(1579,'2024-09-23 12:50:46','73764871'),(1580,'2024-09-23 12:50:49','73543323'),(1581,'2024-09-23 12:51:35','60071271'),(1582,'2024-09-23 12:52:34','72847107'),(1583,'2024-09-23 12:52:37','72841849'),(1584,'2024-09-23 12:52:51','76684850'),(1585,'2024-09-23 12:53:49','72272038'),(1586,'2024-09-23 12:54:30','60714037'),(1587,'2024-09-23 12:54:34','74417726'),(1588,'2024-09-23 12:55:13','73653239'),(1589,'2024-09-23 12:55:19','74811186'),(1590,'2024-09-23 12:55:31','72312855'),(1591,'2024-09-23 12:55:48','78006381'),(1592,'2024-09-23 12:55:53','70102921'),(1593,'2024-09-23 12:56:10','74243738'),(1594,'2024-09-23 12:56:16','72657709'),(1595,'2024-09-23 12:56:20','75454325'),(1596,'2024-09-23 12:56:26','73936484'),(1597,'2024-09-23 12:56:29','73020962'),(1598,'2024-09-23 12:56:36','76224178'),(1599,'2024-09-23 12:56:40','60984421'),(1600,'2024-09-23 12:56:44','74720948'),(1601,'2024-09-23 12:56:49','74240811'),(1602,'2024-09-23 12:56:54','76368635'),(1603,'2024-09-23 12:57:09','60752577'),(1604,'2024-09-23 12:57:13','76626533'),(1605,'2024-09-23 12:57:17','73828892'),(1606,'2024-09-23 12:57:21','76509613'),(1607,'2024-09-23 12:57:25','76350852'),(1608,'2024-09-23 12:57:27','74431032'),(1609,'2024-09-23 12:57:30','74080720'),(1610,'2024-09-23 12:57:33','60418742'),(1611,'2024-09-23 12:57:43','60488511'),(1612,'2024-09-23 12:57:47','77687862'),(1613,'2024-09-23 12:57:51','73831202'),(1614,'2024-09-23 12:57:55','71436196'),(1615,'2024-09-23 12:57:58','71844901'),(1616,'2024-09-23 12:58:02','71025401'),(1617,'2024-09-23 12:58:05','75892450'),(1618,'2024-09-23 12:58:09','71441157'),(1619,'2024-09-23 12:58:14','76140712'),(1620,'2024-09-23 12:58:17','73832103'),(1621,'2024-09-23 12:58:21','72604835'),(1622,'2024-09-23 12:58:24','73207060'),(1623,'2024-09-23 12:58:41','71977410'),(1624,'2024-09-23 13:03:21','70191276'),(1625,'2024-09-23 13:03:27','72934014'),(1626,'2024-09-23 13:03:30','73062176'),(1627,'2024-09-23 13:03:33','77274920'),(1628,'2024-09-23 13:03:36','77710149'),(1629,'2024-09-23 13:03:44','75153177'),(1630,'2024-09-23 13:03:47','72642995'),(1631,'2024-09-23 13:03:50','76614803'),(1632,'2024-09-23 13:03:55','61030490'),(1633,'2024-09-23 13:04:01','76502216'),(1634,'2024-09-23 13:04:06','76405835'),(1635,'2024-09-23 13:04:09','75336239'),(1636,'2024-09-23 13:04:13','73930762'),(1637,'2024-09-23 13:04:16','73830679'),(1638,'2024-09-23 13:04:19','75984978'),(1639,'2024-09-23 13:04:34','46389522'),(1640,'2024-09-23 13:04:47','70917566'),(1641,'2024-09-23 13:05:33','71844900'),(1642,'2024-09-23 13:05:43','75434735'),(1643,'2024-09-23 13:07:04','74128193'),(1644,'2024-09-23 13:07:09','71605942'),(1645,'2024-09-23 13:07:12','78021728'),(1646,'2024-09-23 13:07:15','72709409'),(1647,'2024-09-23 13:07:30','76455168'),(1648,'2024-09-23 13:07:34','76350865'),(1649,'2024-09-23 13:07:40','76270478'),(1650,'2024-09-23 13:07:45','60228759'),(1651,'2024-09-23 13:07:49','75935977'),(1652,'2024-09-23 13:07:53','77024067'),(1653,'2024-09-23 13:07:56','72641620'),(1654,'2024-09-23 13:14:26','72170573'),(1655,'2024-09-23 13:14:29','60241050'),(1656,'2024-09-23 13:14:32','76522087'),(1657,'2024-09-23 13:14:35','71818323'),(1658,'2024-09-23 13:14:38','73143047'),(1659,'2024-09-23 13:14:40','71893163'),(1660,'2024-09-23 13:14:43','71690429'),(1661,'2024-09-23 13:14:49','70377227'),(1662,'2024-09-23 13:14:52','73691207'),(1663,'2024-09-23 13:14:56','71473612'),(1664,'2024-09-23 13:14:59','73697707'),(1665,'2024-09-23 13:15:01','74757475'),(1666,'2024-09-23 13:17:51','60461409'),(1667,'2024-09-23 13:19:45','60848461'),(1668,'2024-09-23 13:19:50','60848731'),(1669,'2024-09-23 13:22:12','72708418'),(1670,'2024-09-23 13:22:16','60753084'),(1671,'2024-09-23 13:22:27','72127681'),(1672,'2024-09-23 13:22:33','62321093'),(1673,'2024-09-23 13:22:42','73954618'),(1674,'2024-09-23 13:22:46','75696637'),(1675,'2024-09-23 13:22:50','72127682'),(1676,'2024-09-23 13:24:35','76339687'),(1677,'2024-09-23 13:28:57','48695685'),(1678,'2024-09-23 13:29:03','72770576'),(1679,'2024-09-23 13:37:20','72727575'),(1680,'2024-09-23 13:37:25','75509354'),(1681,'2024-09-23 13:37:28','71278401'),(1682,'2024-09-23 13:37:42','72866478'),(1683,'2024-09-23 13:47:24','60848761'),(1684,'2024-09-23 13:56:15','76532516'),(1685,'2024-09-23 13:56:42','74161893'),(1686,'2024-09-23 14:40:49','73226140'),(1687,'2024-09-23 14:47:34','71788449'),(1688,'2024-09-24 12:04:01','60745115'),(1689,'2024-09-24 12:04:06','60912150'),(1690,'2024-09-24 12:04:16','76430071'),(1691,'2024-09-24 12:04:20','60733047'),(1692,'2024-09-24 12:04:23','60848557'),(1693,'2024-09-24 12:04:26','60071117'),(1694,'2024-09-24 12:04:33','76307291'),(1695,'2024-09-24 12:04:35','60733011'),(1696,'2024-09-24 12:04:38','76210253'),(1697,'2024-09-24 12:04:42','71741669'),(1698,'2024-09-24 12:04:45','72179717'),(1699,'2024-09-24 12:04:48','73020981'),(1700,'2024-09-24 12:04:52','77414556'),(1701,'2024-09-24 12:04:55','72551682'),(1702,'2024-09-24 12:05:14','74218636'),(1703,'2024-09-24 12:05:18','74425008'),(1704,'2024-09-24 12:05:21','71781863'),(1705,'2024-09-24 12:05:24','75252581'),(1706,'2024-09-24 12:05:27','76010839'),(1707,'2024-09-24 12:05:30','73829211'),(1708,'2024-09-24 12:05:49','77093158'),(1709,'2024-09-24 12:05:59','74431057'),(1710,'2024-09-24 12:06:02','70794011'),(1711,'2024-09-24 12:06:05','72642995'),(1712,'2024-09-24 12:06:08','75153191'),(1713,'2024-09-24 12:06:11','73032371'),(1714,'2024-09-24 12:06:14','71474676'),(1715,'2024-09-24 12:06:18','73174579'),(1716,'2024-09-24 12:06:31','73977567'),(1717,'2024-09-24 12:06:36','73459553'),(1718,'2024-09-24 12:06:39','71025400'),(1719,'2024-09-24 12:06:42','60714037'),(1720,'2024-09-24 12:06:48','73964840'),(1721,'2024-09-24 12:07:02','73831835'),(1722,'2024-09-24 12:07:06','72127681'),(1723,'2024-09-24 12:07:09','75894151'),(1724,'2024-09-24 12:07:13','71501594'),(1725,'2024-09-24 12:07:16','73655485'),(1726,'2024-09-24 12:07:28','75486389'),(1727,'2024-09-24 12:07:30','74060214'),(1728,'2024-09-24 12:07:33','73936919'),(1729,'2024-09-24 12:07:36','72799675'),(1730,'2024-09-24 12:07:38','75892450'),(1731,'2024-09-24 12:07:41','73653239'),(1732,'2024-09-24 12:07:44','76140712'),(1733,'2024-09-24 12:07:47','73887673'),(1734,'2024-09-24 12:07:54','74747511'),(1735,'2024-09-24 12:07:57','75829033'),(1736,'2024-09-24 12:08:00','70980417'),(1737,'2024-09-24 12:08:04','77024067'),(1738,'2024-09-24 12:08:13','76302883'),(1739,'2024-09-24 12:08:16','61060280'),(1740,'2024-09-24 12:08:20','60984398'),(1741,'2024-09-24 12:08:23','74161430'),(1742,'2024-09-24 12:08:30','62787873'),(1743,'2024-09-24 12:08:40','73826531'),(1744,'2024-09-24 12:08:44','75111008'),(1745,'2024-09-24 12:08:47','71436172'),(1746,'2024-09-24 12:08:50','70782220'),(1747,'2024-09-24 12:08:53','71436177'),(1748,'2024-09-24 12:08:55','71844901'),(1749,'2024-09-24 12:08:59','77103459'),(1750,'2024-09-24 12:09:02','71518842'),(1751,'2024-09-24 12:09:09','73831202'),(1752,'2024-09-24 12:09:13','71436196'),(1753,'2024-09-24 12:09:17','73828892'),(1754,'2024-09-24 12:09:23','76626533'),(1755,'2024-09-24 12:09:30','71441157'),(1756,'2024-09-24 12:09:33','70946722'),(1757,'2024-09-24 12:11:56','76000986'),(1758,'2024-09-24 12:11:59','76131307'),(1759,'2024-09-24 12:12:03','73630913'),(1760,'2024-09-24 12:12:07','75021313'),(1761,'2024-09-24 12:12:13','70905558'),(1762,'2024-09-24 12:12:47','73831943'),(1763,'2024-09-24 12:14:33','60323402'),(1764,'2024-09-24 12:15:15','72443579'),(1765,'2024-09-24 12:18:42','72026343'),(1766,'2024-09-24 12:18:47','71922211'),(1767,'2024-09-24 12:19:46','61085972'),(1768,'2024-09-24 12:19:50','75476576'),(1769,'2024-09-24 12:20:04','74844080'),(1770,'2024-09-24 12:20:09','70536580'),(1771,'2024-09-24 12:20:14','60182564'),(1772,'2024-09-24 12:20:26','60755281'),(1773,'2024-09-24 12:20:29','72506357'),(1774,'2024-09-24 12:20:33','74314914'),(1775,'2024-09-24 12:20:36','76824017'),(1776,'2024-09-24 12:21:23','76876278'),(1777,'2024-09-24 12:21:27','74417726'),(1778,'2024-09-24 12:21:30','75908003'),(1779,'2024-09-24 12:21:39','75467555'),(1780,'2024-09-24 12:21:43','76297041'),(1781,'2024-09-24 12:21:48','73691207'),(1782,'2024-09-24 12:21:53','76130805'),(1783,'2024-09-24 12:21:57','76633115'),(1784,'2024-09-24 12:22:00','77815497'),(1785,'2024-09-24 12:22:04','74844197'),(1786,'2024-09-24 12:22:11','73832103'),(1787,'2024-09-24 12:22:29','72700491'),(1788,'2024-09-24 12:23:03','72272038'),(1789,'2024-09-24 12:23:39','43690202'),(1790,'2024-09-24 12:23:46','60071236'),(1791,'2024-09-24 12:23:54','75454325'),(1792,'2024-09-24 12:24:30','75592418'),(1793,'2024-09-24 12:24:35','75361045'),(1794,'2024-09-24 12:28:34','73831971'),(1795,'2024-09-24 12:28:39','72326058'),(1796,'2024-09-24 12:28:43','75221164'),(1797,'2024-09-24 12:28:46','75832454'),(1798,'2024-09-24 12:28:50','71977410'),(1799,'2024-09-24 12:28:54','72847107'),(1800,'2024-09-24 12:30:39','73930762'),(1801,'2024-09-24 12:30:50','60752568'),(1802,'2024-09-24 12:31:45','75799843'),(1803,'2024-09-24 12:32:00','73578828'),(1804,'2024-09-24 12:33:01','70864744'),(1805,'2024-09-24 12:33:25','72709409'),(1806,'2024-09-24 12:33:35','71605942'),(1807,'2024-09-24 12:33:41','76224178'),(1808,'2024-09-24 12:33:46','75855825'),(1809,'2024-09-24 12:33:49','70060778'),(1810,'2024-09-24 12:35:46','70340334'),(1811,'2024-09-24 12:35:57','74882739'),(1812,'2024-09-24 12:36:01','77236226'),(1813,'2024-09-24 12:36:29','74381302'),(1814,'2024-09-24 12:36:49','72248120'),(1815,'2024-09-24 12:36:54','74430454'),(1816,'2024-09-24 12:37:31','72712678'),(1817,'2024-09-24 12:38:41','74902579'),(1818,'2024-09-24 12:38:47','76684850'),(1819,'2024-09-24 12:38:50','75573507'),(1820,'2024-09-24 12:38:55','74248740'),(1821,'2024-09-24 12:39:44','72783236'),(1822,'2024-09-24 12:39:49','70261012'),(1823,'2024-09-24 12:39:56','71689014'),(1824,'2024-09-24 12:40:00','73233489'),(1825,'2024-09-24 12:40:04','71879516'),(1826,'2024-09-24 12:40:08','72658188'),(1827,'2024-09-24 12:40:13','76013018'),(1828,'2024-09-24 12:40:31','76395591'),(1829,'2024-09-24 12:40:35','75523452'),(1830,'2024-09-24 12:40:48','75093465'),(1831,'2024-09-24 12:40:55','60745312'),(1832,'2024-09-24 12:40:57','75907880'),(1833,'2024-09-24 12:41:02','74161429'),(1834,'2024-09-24 12:41:07','60070901'),(1835,'2024-09-24 12:41:10','77037896'),(1836,'2024-09-24 12:41:14','72558584'),(1837,'2024-09-24 12:41:17','75437066'),(1838,'2024-09-24 12:41:20','74580370'),(1839,'2024-09-24 12:41:33','72506300'),(1840,'2024-09-24 12:41:38','72558508'),(1841,'2024-09-24 12:41:41','62153018'),(1842,'2024-09-24 12:41:45','77805554'),(1843,'2024-09-24 12:43:21','71025401'),(1844,'2024-09-24 12:43:41','72975372'),(1845,'2024-09-24 12:43:44','73830752'),(1846,'2024-09-24 12:43:54','71473612'),(1847,'2024-09-24 12:44:12','71081647'),(1848,'2024-09-24 12:44:16','75416480'),(1849,'2024-09-24 12:44:19','72490149'),(1850,'2024-09-24 12:44:23','73077049'),(1851,'2024-09-24 12:44:27','74757475'),(1852,'2024-09-24 12:44:31','73930140'),(1853,'2024-09-24 12:44:34','76633110'),(1854,'2024-09-24 12:44:41','75909883'),(1855,'2024-09-24 12:44:55','62264010'),(1856,'2024-09-24 12:45:02','70190103'),(1857,'2024-09-24 12:45:05','73830657'),(1858,'2024-09-24 12:45:10','72306109'),(1859,'2024-09-24 12:45:13','73624936'),(1860,'2024-09-24 12:45:22','60443186'),(1861,'2024-09-24 12:45:25','71540152'),(1862,'2024-09-24 12:46:15','75889241'),(1863,'2024-09-24 12:46:18','74276495'),(1864,'2024-09-24 12:46:21','73905453'),(1865,'2024-09-24 12:46:47','72714345'),(1866,'2024-09-24 12:46:51','60228759'),(1867,'2024-09-24 12:46:55','60461409'),(1868,'2024-09-24 12:46:58','72500450'),(1869,'2024-09-24 12:47:01','74750310'),(1870,'2024-09-24 12:48:27','76528160'),(1871,'2024-09-24 12:48:34','77333861'),(1872,'2024-09-24 12:48:39','74177744'),(1873,'2024-09-24 12:48:42','60071271'),(1874,'2024-09-24 12:48:46','77343297'),(1875,'2024-09-24 12:49:09','72784124'),(1876,'2024-09-24 12:49:21','77702970'),(1877,'2024-09-24 12:49:28','73789502'),(1878,'2024-09-24 12:50:10','48695685'),(1879,'2024-09-24 12:50:15','75936383'),(1880,'2024-09-24 12:50:26','77050350'),(1881,'2024-09-24 12:50:36','70843839'),(1882,'2024-09-24 12:50:41','72560246'),(1883,'2024-09-24 12:50:45','70834578'),(1884,'2024-09-24 12:50:51','70069438'),(1885,'2024-09-24 12:53:07','73011322'),(1886,'2024-09-24 12:53:13','72604723'),(1887,'2024-09-24 12:53:18','73020962'),(1888,'2024-09-24 12:53:24','48932200'),(1889,'2024-09-24 12:53:29','78006381'),(1890,'2024-09-24 12:53:32','74811186'),(1891,'2024-09-24 12:53:36','73635840'),(1892,'2024-09-24 12:53:39','73936484'),(1893,'2024-09-24 12:53:43','75255663'),(1894,'2024-09-24 12:53:47','74756277'),(1895,'2024-09-24 12:53:50','76509613'),(1896,'2024-09-24 12:53:53','77687862'),(1897,'2024-09-24 12:53:58','75375323'),(1898,'2024-09-24 12:54:01','74431032'),(1899,'2024-09-24 12:54:03','74080720'),(1900,'2024-09-24 12:54:07','71348068'),(1901,'2024-09-24 12:54:19','60488511'),(1902,'2024-09-24 12:54:23','76368635'),(1903,'2024-09-24 12:54:26','70102921'),(1904,'2024-09-24 12:54:29','72604835'),(1905,'2024-09-24 12:54:32','60984421'),(1906,'2024-09-24 12:54:35','73207060'),(1907,'2024-09-24 12:54:40','73831260'),(1908,'2024-09-24 12:54:45','60418742'),(1909,'2024-09-24 12:54:49','73543323'),(1910,'2024-09-24 12:54:52','72490140'),(1911,'2024-09-24 12:54:54','75696637'),(1912,'2024-09-24 12:54:57','72127682'),(1913,'2024-09-24 12:55:00','76350865'),(1914,'2024-09-24 12:55:11','76350852'),(1915,'2024-09-24 12:55:21','71465170'),(1916,'2024-09-24 12:55:24','73829853'),(1917,'2024-09-24 12:55:27','73828823'),(1918,'2024-09-24 12:56:11','72708418'),(1919,'2024-09-24 12:56:14','60848731'),(1920,'2024-09-24 12:56:18','76384224'),(1921,'2024-09-24 12:57:21','72872965'),(1922,'2024-09-24 12:59:10','72440080'),(1923,'2024-09-24 12:59:14','75153177'),(1924,'2024-09-24 12:59:19','77326453'),(1925,'2024-09-24 12:59:30','71844992'),(1926,'2024-09-24 12:59:33','73189177'),(1927,'2024-09-24 12:59:37','74967612'),(1928,'2024-09-24 12:59:40','77710149'),(1929,'2024-09-24 12:59:43','60822167'),(1930,'2024-09-24 12:59:47','72934014'),(1931,'2024-09-24 12:59:51','73062176'),(1932,'2024-09-24 12:59:54','77274920'),(1933,'2024-09-24 12:59:57','76502216'),(1934,'2024-09-24 13:00:00','76270478'),(1935,'2024-09-24 13:00:03','61030490'),(1936,'2024-09-24 13:00:05','74929607'),(1937,'2024-09-24 13:00:14','71936831'),(1938,'2024-09-24 13:01:08','71775598'),(1939,'2024-09-24 13:01:22','76614803'),(1940,'2024-09-24 13:01:49','71690429'),(1941,'2024-09-24 13:03:00','76412738'),(1942,'2024-09-24 13:03:10','70377227'),(1943,'2024-09-24 13:04:29','76034441'),(1944,'2024-09-24 13:04:42','71641249'),(1945,'2024-09-24 13:04:48','71786998'),(1946,'2024-09-24 13:04:52','72170573'),(1947,'2024-09-24 13:04:55','76522087'),(1948,'2024-09-24 13:05:00','60241050'),(1949,'2024-09-24 13:07:31','75509354'),(1950,'2024-09-24 13:08:05','74963297'),(1951,'2024-09-24 13:08:10','76091531'),(1952,'2024-09-24 13:08:13','75984978'),(1953,'2024-09-24 13:08:18','73830679'),(1954,'2024-09-24 13:09:03','73275049'),(1955,'2024-09-24 13:11:02','60822260'),(1956,'2024-09-24 13:15:47','73697707'),(1957,'2024-09-24 13:16:08','70770755'),(1958,'2024-09-24 13:17:56','76350835'),(1959,'2024-09-24 13:20:06','60848761'),(1960,'2024-09-24 13:20:36','74161893'),(1961,'2024-09-24 13:23:51','74240811'),(1962,'2024-09-24 13:24:47','60753084'),(1963,'2024-09-24 13:25:49','62321093'),(1964,'2024-09-24 13:27:29','71893163'),(1965,'2024-09-24 13:34:17','72170519'),(1966,'2024-09-24 13:35:56','71089623'),(1967,'2024-09-24 13:35:59','75376617'),(1968,'2024-09-24 13:36:05','76532516'),(1969,'2024-09-24 13:38:36','75523404'),(1970,'2024-09-24 13:42:56','75336239'),(1971,'2024-09-24 13:44:13','76405835'),(1972,'2024-09-24 13:45:02','70917566'),(1973,'2024-09-24 13:45:21','46389522'),(1974,'2024-09-24 13:45:30','48415879'),(1975,'2024-09-24 13:45:59','45450964'),(1976,'2024-09-24 13:46:08','76339687'),(1977,'2024-09-24 13:46:19','75699079'),(1978,'2024-09-24 13:54:50','72866478'),(1979,'2024-09-24 13:57:03','76814601'),(1980,'2024-09-24 13:58:19','73126516'),(1981,'2024-09-24 13:59:10','72519372'),(1982,'2024-09-24 13:59:32','76980478'),(1983,'2024-09-24 14:02:52','72551867'),(1984,'2024-09-24 14:02:55','72641620'),(1985,'2024-09-24 14:05:53','74243738'),(1986,'2024-09-24 14:09:04','77351693'),(1987,'2024-09-24 14:09:36','77479471'),(1988,'2024-09-24 14:13:18','71587415'),(1989,'2024-09-24 14:15:20','71278401'),(1990,'2024-09-24 14:16:15','74890694'),(1991,'2024-09-24 14:17:31','74635625'),(1992,'2024-09-24 14:18:56','71199832'),(1993,'2024-09-24 14:19:30','60071300'),(1994,'2024-09-24 14:23:33','72706463'),(1995,'2024-09-24 14:23:46','73829867'),(1996,'2024-09-24 14:24:21','71852500'),(1997,'2024-09-24 14:28:40','71788449'),(1998,'2024-09-25 12:01:47','73831260'),(1999,'2024-09-25 12:01:51','76307291'),(2000,'2024-09-25 12:01:55','71025400'),(2001,'2024-09-25 12:01:57','75361045'),(2002,'2024-09-25 12:01:59','73020981'),(2003,'2024-09-25 12:02:02','75252581'),(2004,'2024-09-25 12:02:11','62787873'),(2005,'2024-09-25 12:02:14','71781863'),(2006,'2024-09-25 12:02:16','76010839'),(2007,'2024-09-25 12:02:17','73829211'),(2008,'2024-09-25 12:02:19','74431057'),(2009,'2024-09-25 12:02:22','70980417'),(2010,'2024-09-25 12:02:24','73189177'),(2011,'2024-09-25 12:02:26','73459553'),(2012,'2024-09-25 12:02:33','76000986'),(2013,'2024-09-25 12:02:40','75021313'),(2014,'2024-09-25 12:02:43','73630913'),(2015,'2024-09-25 12:02:46','72469292'),(2016,'2024-09-25 12:02:58','76210253'),(2017,'2024-09-25 12:03:01','74177744'),(2018,'2024-09-25 12:03:04','72872965'),(2019,'2024-09-25 12:03:07','70782220'),(2020,'2024-09-25 12:03:10','76131307'),(2021,'2024-09-25 12:03:18','73826531'),(2022,'2024-09-25 12:03:20','71436177'),(2023,'2024-09-25 12:03:23','71436172'),(2024,'2024-09-25 12:03:36','75111008'),(2025,'2024-09-25 12:03:39','60071300'),(2026,'2024-09-25 12:03:41','76302883'),(2027,'2024-09-25 12:03:44','76528160'),(2028,'2024-09-25 12:03:47','71501594'),(2029,'2024-09-25 12:03:50','75486389'),(2030,'2024-09-25 12:03:52','73831202'),(2031,'2024-09-25 12:03:55','73207060'),(2032,'2024-09-25 12:03:57','73828892'),(2033,'2024-09-25 12:04:00','71025401'),(2034,'2024-09-25 12:04:02','74060214'),(2035,'2024-09-25 12:04:04','73936919'),(2036,'2024-09-25 12:04:06','60733047'),(2037,'2024-09-25 12:04:09','60071117'),(2038,'2024-09-25 12:04:11','73828823'),(2039,'2024-09-25 12:04:14','62153018'),(2040,'2024-09-25 12:04:16','72658188'),(2041,'2024-09-25 12:04:18','76013018'),(2042,'2024-09-25 12:04:21','72506300'),(2043,'2024-09-25 12:04:24','73126516'),(2044,'2024-09-25 12:04:26','72558508'),(2045,'2024-09-25 12:04:28','75889241'),(2046,'2024-09-25 12:04:31','72604566'),(2047,'2024-09-25 12:04:34','48695685'),(2048,'2024-09-25 12:04:36','72500450'),(2049,'2024-09-25 12:04:40','74750310'),(2050,'2024-09-25 12:04:41','73831943'),(2051,'2024-09-25 12:04:44','74756277'),(2052,'2024-09-25 12:04:47','73655485'),(2053,'2024-09-25 12:04:50','71474676'),(2054,'2024-09-25 12:04:53','73174579'),(2055,'2024-09-25 12:04:55','77805554'),(2056,'2024-09-25 12:04:58','76814601'),(2057,'2024-09-25 12:05:06','74882739'),(2058,'2024-09-25 12:06:14','72783236'),(2059,'2024-09-25 12:06:17','73233489'),(2060,'2024-09-25 12:06:22','70261012'),(2061,'2024-09-25 12:06:26','71689014'),(2062,'2024-09-25 12:06:33','77236226'),(2063,'2024-09-25 12:06:37','74747511'),(2064,'2024-09-25 12:06:40','72272038'),(2065,'2024-09-25 12:06:44','73887673'),(2066,'2024-09-25 12:06:47','75829033'),(2067,'2024-09-25 12:07:46','73829853'),(2068,'2024-09-25 12:07:48','77326453'),(2069,'2024-09-25 12:08:42','76270478'),(2070,'2024-09-25 12:09:31','73109244'),(2071,'2024-09-25 12:09:42','74890694'),(2072,'2024-09-25 12:10:11','71862291'),(2073,'2024-09-25 12:10:48','60745115'),(2074,'2024-09-25 12:10:51','60912150'),(2075,'2024-09-25 12:11:18','72519372'),(2076,'2024-09-25 12:11:38','72551682'),(2077,'2024-09-25 12:11:58','75592418'),(2078,'2024-09-25 12:12:02','77037896'),(2079,'2024-09-25 12:12:15','74161429'),(2080,'2024-09-25 12:12:27','60070901'),(2081,'2024-09-25 12:12:47','72784124'),(2082,'2024-09-25 12:12:50','73996991'),(2083,'2024-09-25 12:13:48','72799675'),(2084,'2024-09-25 12:15:58','76140712'),(2085,'2024-09-25 12:16:45','60752568'),(2086,'2024-09-25 12:17:51','77414556'),(2087,'2024-09-25 12:20:07','75936383'),(2088,'2024-09-25 12:21:13','76395591'),(2089,'2024-09-25 12:21:36','72712678'),(2090,'2024-09-25 12:21:57','72127681'),(2091,'2024-09-25 12:22:00','75696637'),(2092,'2024-09-25 12:22:24','74314914'),(2093,'2024-09-25 12:22:27','76824017'),(2094,'2024-09-25 12:22:31','73832103'),(2095,'2024-09-25 12:22:37','76626533'),(2096,'2024-09-25 12:23:45','71518842'),(2097,'2024-09-25 12:23:52','73831971'),(2098,'2024-09-25 12:23:54','60323402'),(2099,'2024-09-25 12:26:46','71436196'),(2100,'2024-09-25 12:27:30','77333861'),(2101,'2024-09-25 12:29:28','71893163'),(2102,'2024-09-25 12:30:53','71473612'),(2103,'2024-09-25 12:31:40','70905558'),(2104,'2024-09-25 12:35:07','74161430'),(2105,'2024-09-25 12:35:11','60733011'),(2106,'2024-09-25 12:35:11','60733011'),(2107,'2024-09-25 12:35:49','46389522'),(2108,'2024-09-25 12:35:55','70917566'),(2109,'2024-09-25 12:36:29','75434735'),(2110,'2024-09-25 12:37:01','72306109'),(2111,'2024-09-25 12:37:05','73830657'),(2112,'2024-09-25 12:37:43','75935977'),(2113,'2024-09-25 12:37:52','71199832'),(2114,'2024-09-25 12:37:55','77024067'),(2115,'2024-09-25 12:38:29','71844900'),(2116,'2024-09-25 12:38:55','72866478'),(2117,'2024-09-25 12:38:59','72727575'),(2118,'2024-09-25 12:39:30','61060280'),(2119,'2024-09-25 12:39:34','60984398'),(2120,'2024-09-25 12:39:36','72847107'),(2121,'2024-09-25 12:39:39','72841849'),(2122,'2024-09-25 12:39:43','78021728'),(2123,'2024-09-25 12:39:46','71605942'),(2124,'2024-09-25 12:39:49','72709409'),(2125,'2024-09-25 12:39:52','74128193'),(2126,'2024-09-25 12:39:55','60848557'),(2127,'2024-09-25 12:39:59','71741669'),(2128,'2024-09-25 12:40:02','72179717'),(2129,'2024-09-25 12:40:05','73930140'),(2130,'2024-09-25 12:40:08','73930762'),(2131,'2024-09-25 12:40:14','71818323'),(2132,'2024-09-25 12:40:18','73143047'),(2133,'2024-09-25 12:40:33','72387003'),(2134,'2024-09-25 12:40:39','73275049'),(2135,'2024-09-25 12:40:43','75523404'),(2136,'2024-09-25 12:40:58','76684850'),(2137,'2024-09-25 12:41:03','75573507'),(2138,'2024-09-25 12:41:07','72558584'),(2139,'2024-09-25 12:41:11','74580370'),(2140,'2024-09-25 12:41:15','72490149'),(2141,'2024-09-25 12:41:20','75416480'),(2142,'2024-09-25 12:41:24','74248740'),(2143,'2024-09-25 12:41:30','76508614'),(2144,'2024-09-25 12:41:34','73622920'),(2145,'2024-09-25 12:41:37','71278401'),(2146,'2024-09-25 12:41:41','75093465'),(2147,'2024-09-25 12:41:48','71540152'),(2148,'2024-09-25 12:42:03','76368635'),(2149,'2024-09-25 12:42:24','60443186'),(2150,'2024-09-25 12:42:28','70190103'),(2151,'2024-09-25 12:42:32','75523452'),(2152,'2024-09-25 12:42:36','73543323'),(2153,'2024-09-25 12:42:40','72700491'),(2154,'2024-09-25 12:42:44','77093158'),(2155,'2024-09-25 12:42:47','75203854'),(2156,'2024-09-25 12:42:51','73857381'),(2157,'2024-09-25 12:42:55','61269014'),(2158,'2024-09-25 12:42:58','75153191'),(2159,'2024-09-25 12:43:02','74929607'),(2160,'2024-09-25 12:43:14','70843839'),(2161,'2024-09-25 12:43:22','77050350'),(2162,'2024-09-25 12:43:26','62264010'),(2163,'2024-09-25 12:43:28','73624936'),(2164,'2024-09-25 12:43:32','72443579'),(2165,'2024-09-25 12:43:35','77687862'),(2166,'2024-09-25 12:43:38','72560246'),(2167,'2024-09-25 12:43:41','70834578'),(2168,'2024-09-25 12:43:45','73137741'),(2169,'2024-09-25 12:43:53','73697707'),(2170,'2024-09-25 12:44:01','72506357'),(2171,'2024-09-25 12:44:04','76876278'),(2172,'2024-09-25 12:44:08','74417726'),(2173,'2024-09-25 12:44:11','60755281'),(2174,'2024-09-25 12:44:15','75799843'),(2175,'2024-09-25 12:44:18','77815497'),(2176,'2024-09-25 12:44:22','76130805'),(2177,'2024-09-25 12:44:25','74844197'),(2178,'2024-09-25 12:44:28','76633115'),(2179,'2024-09-25 12:44:32','77103459'),(2180,'2024-09-25 12:44:36','72170519'),(2181,'2024-09-25 12:44:41','72975372'),(2182,'2024-09-25 12:44:45','73830752'),(2183,'2024-09-25 12:44:54','60488511'),(2184,'2024-09-25 12:44:58','75467555'),(2185,'2024-09-25 12:45:02','43690202'),(2186,'2024-09-25 12:45:08','73578828'),(2187,'2024-09-25 12:45:12','71465170'),(2188,'2024-09-25 12:45:59','76297041'),(2189,'2024-09-25 12:46:03','75908003'),(2190,'2024-09-25 12:46:09','75909883'),(2191,'2024-09-25 12:46:22','60745312'),(2192,'2024-09-25 12:47:03','74811186'),(2193,'2024-09-25 12:49:14','75437066'),(2194,'2024-09-25 12:49:19','77343297'),(2195,'2024-09-25 12:49:58','74902579'),(2196,'2024-09-25 12:51:11','75832454'),(2197,'2024-09-25 12:51:16','72326058'),(2198,'2024-09-25 12:51:20','72127682'),(2199,'2024-09-25 12:51:30','73954618'),(2200,'2024-09-25 12:52:50','71879516'),(2201,'2024-09-25 12:52:53','75907880'),(2202,'2024-09-25 12:55:23','73764871'),(2203,'2024-09-25 12:56:25','75153177'),(2204,'2024-09-25 12:56:45','71852500'),(2205,'2024-09-25 12:56:57','70191276'),(2206,'2024-09-25 12:57:01','77479471'),(2207,'2024-09-25 12:57:05','72440080'),(2208,'2024-09-25 12:57:14','76405835'),(2209,'2024-09-25 12:57:17','71844992'),(2210,'2024-09-25 12:57:21','77710149'),(2211,'2024-09-25 12:57:23','60461409'),(2212,'2024-09-25 12:57:25','60822167'),(2213,'2024-09-25 12:57:27','60228759'),(2214,'2024-09-25 12:57:30','72248120'),(2215,'2024-09-25 12:57:34','61030490'),(2216,'2024-09-25 12:57:36','76502216'),(2217,'2024-09-25 12:57:39','74430454'),(2218,'2024-09-25 12:57:42','73062176'),(2219,'2024-09-25 12:57:44','77274920'),(2220,'2024-09-25 12:57:48','76384224'),(2221,'2024-09-25 12:57:51','71844901'),(2222,'2024-09-25 12:57:54','72642995'),(2223,'2024-09-25 12:57:56','75221164'),(2224,'2024-09-25 12:58:00','70146571'),(2225,'2024-09-25 12:58:52','76412738'),(2226,'2024-09-25 12:59:12','72312855'),(2227,'2024-09-25 12:59:18','71348068'),(2228,'2024-09-25 12:59:21','73032371'),(2229,'2024-09-25 12:59:25','71587415'),(2230,'2024-09-25 12:59:28','60241050'),(2231,'2024-09-25 12:59:39','76509613'),(2232,'2024-09-25 13:00:12','76224178'),(2233,'2024-09-25 13:00:27','74425008'),(2234,'2024-09-25 13:00:31','74720948'),(2235,'2024-09-25 13:00:34','78006381'),(2236,'2024-09-25 13:00:51','76614803'),(2237,'2024-09-25 13:00:56','76430071'),(2238,'2024-09-25 13:00:59','76345137'),(2239,'2024-09-25 13:01:02','74080720'),(2240,'2024-09-25 13:01:04','74243738'),(2241,'2024-09-25 13:01:13','70102921'),(2242,'2024-09-25 13:01:17','72657709'),(2243,'2024-09-25 13:01:20','72604835'),(2244,'2024-09-25 13:01:23','74431032'),(2245,'2024-09-25 13:01:27','76350852'),(2246,'2024-09-25 13:01:32','73691207'),(2247,'2024-09-25 13:01:38','73936484'),(2248,'2024-09-25 13:01:40','73020962'),(2249,'2024-09-25 13:01:46','71977410'),(2250,'2024-09-25 13:01:49','74240811'),(2251,'2024-09-25 13:01:52','75375323'),(2252,'2024-09-25 13:01:56','70782812'),(2253,'2024-09-25 13:01:59','72934014'),(2254,'2024-09-25 13:02:02','72026343'),(2255,'2024-09-25 13:02:06','75476576'),(2256,'2024-09-25 13:02:09','74844080'),(2257,'2024-09-25 13:02:11','61085972'),(2258,'2024-09-25 13:06:03','71922211'),(2259,'2024-09-25 13:06:27','70340334'),(2260,'2024-09-25 13:06:29','60418742'),(2261,'2024-09-25 13:06:34','75984978'),(2262,'2024-09-25 13:06:37','71936831'),(2263,'2024-09-25 13:06:40','74963297'),(2264,'2024-09-25 13:09:59','60182564'),(2265,'2024-09-25 13:16:42','73830679'),(2266,'2024-09-25 13:17:36','70377227'),(2267,'2024-09-25 13:19:36','74757475'),(2268,'2024-09-25 13:20:09','62321093'),(2269,'2024-09-25 13:20:12','75509354'),(2270,'2024-09-25 13:21:07','72170573'),(2271,'2024-09-25 13:21:11','76522087'),(2272,'2024-09-25 13:23:38','77230462'),(2273,'2024-09-25 13:25:30','60822260'),(2274,'2024-09-25 13:27:08','71089625'),(2275,'2024-09-25 13:27:43','72490012'),(2276,'2024-09-25 13:28:03','60848761'),(2277,'2024-09-25 13:29:02','75610055'),(2278,'2024-09-25 13:29:08','76455168'),(2279,'2024-09-25 13:29:20','73077049'),(2280,'2024-09-25 13:29:29','71081647'),(2281,'2024-09-25 13:30:29','60848731'),(2282,'2024-09-25 13:30:32','72708418'),(2283,'2024-09-25 13:34:28','72551867'),(2284,'2024-09-25 13:34:32','62052047'),(2285,'2024-09-25 13:34:35','74276495'),(2286,'2024-09-25 13:34:41','45450964'),(2287,'2024-09-25 13:36:02','74218636'),(2288,'2024-09-25 13:39:04','73011322'),(2289,'2024-09-25 13:39:07','72604723'),(2290,'2024-09-25 13:39:17','71641249'),(2291,'2024-09-25 13:39:27','76350835'),(2292,'2024-09-25 13:39:29','77351693'),(2293,'2024-09-25 13:39:33','70069438'),(2294,'2024-09-25 13:39:36','48932200'),(2295,'2024-09-25 13:39:54','71690429'),(2296,'2024-09-25 13:40:50','71775598'),(2297,'2024-09-25 13:41:08','60753084'),(2298,'2024-09-25 13:41:11','60984421'),(2299,'2024-09-25 13:43:49','76339687'),(2300,'2024-09-25 13:44:09','72770576'),(2301,'2024-09-25 13:44:13','48415879'),(2302,'2024-09-25 13:46:06','60848461'),(2303,'2024-09-25 13:46:16','72712741'),(2304,'2024-09-25 13:53:36','70864744'),(2305,'2024-09-25 14:04:55','74635625'),(2306,'2024-09-25 14:04:58','72641620'),(2307,'2024-09-25 14:05:05','71786998'),(2308,'2024-09-25 14:05:13','76034441'),(2309,'2024-09-25 14:05:16','77702970'),(2310,'2024-09-25 14:05:18','75894151'),(2311,'2024-09-25 14:05:50','70770755'),(2312,'2024-09-25 14:16:04','76532516');
/*!40000 ALTER TABLE `asistenciacomedoralmuerzo` ENABLE KEYS */;
UNLOCK TABLES;

--
-- Table structure for table `asistenciacomedordesayuno`
--

DROP TABLE IF EXISTS `asistenciacomedordesayuno`;
/*!40101 SET @saved_cs_client     = @@character_set_client */;
/*!50503 SET character_set_client = utf8mb4 */;
CREATE TABLE `asistenciacomedordesayuno` (
  `idAsistencia` int NOT NULL AUTO_INCREMENT,
  `fechaHora` datetime NOT NULL,
  `dni` varchar(20) COLLATE utf8mb4_general_ci NOT NULL,
  PRIMARY KEY (`idAsistencia`)
) ENGINE=InnoDB AUTO_INCREMENT=862 DEFAULT CHARSET=utf8mb4 COLLATE=utf8mb4_general_ci;
/*!40101 SET character_set_client = @saved_cs_client */;

--
-- Dumping data for table `asistenciacomedordesayuno`
--

LOCK TABLES `asistenciacomedordesayuno` WRITE;
/*!40000 ALTER TABLE `asistenciacomedordesayuno` DISABLE KEYS */;
INSERT INTO `asistenciacomedordesayuno` VALUES (183,'2024-09-18 07:00:32','75361045'),(184,'2024-09-18 07:00:37','73077049'),(185,'2024-09-18 07:00:42','76130805'),(186,'2024-09-18 07:00:46','74844197'),(187,'2024-09-18 07:00:50','72127682'),(188,'2024-09-18 07:01:03','75889241'),(189,'2024-09-18 07:01:11','72506357'),(190,'2024-09-18 07:01:15','72558508'),(191,'2024-09-18 07:01:20','73126516'),(192,'2024-09-18 07:01:23','75486389'),(193,'2024-09-18 07:01:32','75908003'),(194,'2024-09-18 07:01:36','60755281'),(195,'2024-09-18 07:01:40','71025400'),(196,'2024-09-18 07:01:45','71081647'),(197,'2024-09-18 07:01:48','75799843'),(198,'2024-09-18 07:01:51','76384224'),(199,'2024-09-18 07:02:03','77479471'),(200,'2024-09-18 07:02:08','76000986'),(201,'2024-09-18 07:02:14','75021313'),(202,'2024-09-18 07:02:26','76528160'),(203,'2024-09-18 07:02:33','70794011'),(204,'2024-09-18 07:02:39','73828823'),(205,'2024-09-18 07:02:43','73829853'),(206,'2024-09-18 07:02:50','72714345'),(207,'2024-09-18 07:02:53','74580370'),(208,'2024-09-18 07:03:10','60071117'),(209,'2024-09-18 07:03:24','75105488'),(210,'2024-09-18 07:03:32','74177744'),(211,'2024-09-18 07:03:49','72872965'),(212,'2024-09-18 07:04:00','71818323'),(213,'2024-09-18 07:05:58','74204282'),(214,'2024-09-18 07:06:01','72975372'),(215,'2024-09-18 07:06:05','73189177'),(216,'2024-09-18 07:06:09','73459553'),(217,'2024-09-18 07:06:13','75935977'),(218,'2024-09-18 07:06:17','76876278'),(219,'2024-09-18 07:06:21','74417726'),(220,'2024-09-18 07:06:30','74720948'),(221,'2024-09-18 07:06:34','71879516'),(222,'2024-09-18 07:06:38','75832454'),(223,'2024-09-18 07:06:44','72326058'),(224,'2024-09-18 07:06:50','71781863'),(225,'2024-09-18 07:06:55','72604723'),(226,'2024-09-18 07:07:02','74060214'),(227,'2024-09-18 07:07:06','73905453'),(228,'2024-09-18 07:07:11','61060280'),(229,'2024-09-18 07:07:15','60984398'),(230,'2024-09-18 07:07:18','72784124'),(231,'2024-09-18 07:07:49','77351693'),(232,'2024-09-18 07:08:07','76307291'),(233,'2024-09-18 07:08:23','78021728'),(234,'2024-09-18 07:08:31','76013018'),(235,'2024-09-18 07:08:35','72658188'),(236,'2024-09-18 07:08:41','76626533'),(237,'2024-09-18 07:08:45','71025401'),(238,'2024-09-18 07:10:46','60070901'),(239,'2024-09-18 07:14:12','46389522'),(240,'2024-09-18 07:21:35','72170519'),(241,'2024-09-18 07:23:33','71473612'),(242,'2024-09-18 07:27:10','71641249'),(243,'2024-09-18 07:27:15','73011322'),(244,'2024-09-18 07:27:24','76430071'),(245,'2024-09-18 07:28:01','72500450'),(246,'2024-09-18 07:28:09','74750310'),(247,'2024-09-18 07:30:11','60071300'),(248,'2024-09-18 07:34:28','77333861'),(249,'2024-09-18 07:35:05','72519372'),(250,'2024-09-18 07:36:44','62787873'),(251,'2024-09-18 07:45:09','71199832'),(252,'2024-09-18 07:45:21','72866478'),(253,'2024-09-18 07:45:28','62153018'),(254,'2024-09-18 07:45:46','70980417'),(255,'2024-09-18 07:46:28','70770755'),(256,'2024-09-18 07:47:27','71689014'),(257,'2024-09-18 07:47:36','72783236'),(258,'2024-09-18 07:50:17','77050350'),(259,'2024-09-18 07:50:21','73275049'),(260,'2024-09-18 07:52:20','74635625'),(261,'2024-09-18 07:52:25','76034441'),(262,'2024-09-18 07:52:35','71786998'),(263,'2024-09-18 07:52:44','74218636'),(264,'2024-09-18 07:52:48','75523452'),(265,'2024-09-18 08:01:08','77093158'),(266,'2024-09-18 08:07:48','74243738'),(267,'2024-09-18 08:07:54','75696637'),(268,'2024-09-18 08:10:27','74890694'),(269,'2024-09-18 08:13:23','71501594'),(270,'2024-09-18 08:13:39','70536580'),(271,'2024-09-18 08:13:50','71518842'),(272,'2024-09-18 08:15:53','75111008'),(273,'2024-09-18 08:16:25','73930140'),(274,'2024-09-18 08:18:57','71278401'),(275,'2024-09-18 08:19:08','75592418'),(276,'2024-09-18 08:19:35','71474676'),(277,'2024-09-19 07:01:23','75361045'),(278,'2024-09-19 07:01:27','72506357'),(279,'2024-09-19 07:01:41','72519372'),(280,'2024-09-19 07:01:45','60755281'),(281,'2024-09-19 07:01:51','74243738'),(282,'2024-09-19 07:01:56','72558508'),(283,'2024-09-19 07:01:59','73126516'),(284,'2024-09-19 07:02:04','74314914'),(285,'2024-09-19 07:02:08','73077049'),(286,'2024-09-19 07:02:13','74844197'),(287,'2024-09-19 07:02:16','76130805'),(288,'2024-09-19 07:02:20','75908003'),(289,'2024-09-19 07:02:24','71025400'),(290,'2024-09-19 07:02:27','74580370'),(291,'2024-09-19 07:02:30','71081647'),(292,'2024-09-19 07:02:34','76384224'),(293,'2024-09-19 07:02:45','75889241'),(294,'2024-09-19 07:02:49','75799843'),(295,'2024-09-19 07:02:52','75486389'),(296,'2024-09-19 07:03:06','62264010'),(297,'2024-09-19 07:03:27','73828823'),(298,'2024-09-19 07:03:32','73829853'),(299,'2024-09-19 07:03:37','77479471'),(300,'2024-09-19 07:04:18','60071117'),(301,'2024-09-19 07:04:29','72872965'),(302,'2024-09-19 07:10:55','76876278'),(303,'2024-09-19 07:11:08','75935977'),(304,'2024-09-19 07:11:12','73459553'),(305,'2024-09-19 07:11:17','72604723'),(306,'2024-09-19 07:11:23','72784124'),(307,'2024-09-19 07:11:26','71781863'),(308,'2024-09-19 07:11:31','73905453'),(309,'2024-09-19 07:11:39','76626533'),(310,'2024-09-19 07:11:59','74060214'),(311,'2024-09-19 07:12:03','76224178'),(312,'2024-09-19 07:12:10','74720948'),(313,'2024-09-19 07:12:20','71199832'),(314,'2024-09-19 07:12:25','61060280'),(315,'2024-09-19 07:12:29','60984398'),(316,'2024-09-19 07:12:33','60984421'),(317,'2024-09-19 07:12:37','77351693'),(318,'2024-09-19 07:12:50','78021728'),(319,'2024-09-19 07:12:54','71879516'),(320,'2024-09-19 07:12:57','76013018'),(321,'2024-09-19 07:13:01','43690202'),(322,'2024-09-19 07:13:05','72975372'),(323,'2024-09-19 07:13:09','73691207'),(324,'2024-09-19 07:13:14','72658188'),(325,'2024-09-19 07:13:26','74204282'),(326,'2024-09-19 07:13:34','60071236'),(327,'2024-09-19 07:13:38','70377227'),(328,'2024-09-19 07:13:49','74177744'),(329,'2024-09-19 07:13:52','72714345'),(330,'2024-09-19 07:14:02','75523452'),(331,'2024-09-19 07:14:56','71844900'),(332,'2024-09-19 07:15:46','76140712'),(333,'2024-09-19 07:20:22','72326058'),(334,'2024-09-19 07:20:27','75221164'),(335,'2024-09-19 07:20:54','75832454'),(336,'2024-09-19 07:23:31','46389522'),(337,'2024-09-19 07:26:58','71025401'),(338,'2024-09-19 07:28:05','71587415'),(339,'2024-09-19 07:28:55','76633115'),(340,'2024-09-19 07:29:14','72866478'),(341,'2024-09-19 07:31:42','72170519'),(342,'2024-09-19 07:33:08','60071300'),(343,'2024-09-19 07:36:51','76528160'),(344,'2024-09-19 07:38:30','72500450'),(345,'2024-09-19 07:38:35','74750310'),(346,'2024-09-19 07:39:49','72127682'),(347,'2024-09-19 07:44:23','76307291'),(348,'2024-09-19 07:45:13','73233489'),(349,'2024-09-19 07:45:19','72783236'),(350,'2024-09-19 07:45:30','71689014'),(351,'2024-09-19 07:47:24','74635625'),(352,'2024-09-19 07:47:38','76034441'),(353,'2024-09-19 07:47:49','71786998'),(354,'2024-09-19 07:51:13','77024067'),(355,'2024-09-19 07:53:04','74929607'),(356,'2024-09-19 07:53:07','71473612'),(357,'2024-09-19 07:53:23','70146571'),(358,'2024-09-19 08:01:34','73011322'),(359,'2024-09-19 08:01:41','71641249'),(360,'2024-09-19 08:02:24','75592418'),(361,'2024-09-19 08:03:18','70770755'),(362,'2024-09-19 08:03:23','72604566'),(363,'2024-09-19 08:04:04','75696637'),(364,'2024-09-19 08:04:11','72127681'),(365,'2024-09-19 08:06:17','73275049'),(366,'2024-09-19 08:13:07','70980417'),(367,'2024-09-19 08:14:05','71278401'),(368,'2024-09-19 08:18:50','62153018'),(369,'2024-09-19 08:19:00','60070901'),(370,'2024-09-19 08:19:05','71893163'),(371,'2024-09-19 08:23:25','73109244'),(372,'2024-09-19 08:23:33','74890694'),(373,'2024-09-19 08:23:42','74218636'),(374,'2024-09-19 08:27:32','71518842'),(375,'2024-09-19 08:30:20','74756277'),(376,'2024-09-19 08:35:15','71474676'),(377,'2024-09-19 08:37:14','77093158'),(378,'2024-09-19 08:40:11','75111008'),(379,'2024-09-19 09:04:59','75894151'),(380,'2024-09-20 06:57:16','74243738'),(381,'2024-09-20 06:57:19','73077049'),(382,'2024-09-20 06:57:27','72558508'),(383,'2024-09-20 06:57:30','73126516'),(384,'2024-09-20 06:57:40','72519372'),(385,'2024-09-20 06:57:43','75889241'),(386,'2024-09-20 06:57:46','72506357'),(387,'2024-09-20 06:57:49','60755281'),(388,'2024-09-20 06:57:52','74314914'),(389,'2024-09-20 06:57:54','75908003'),(390,'2024-09-20 06:57:57','75486389'),(391,'2024-09-20 06:58:00','72127682'),(392,'2024-09-20 06:58:03','76130805'),(393,'2024-09-20 06:58:05','74844197'),(394,'2024-09-20 06:58:08','71540152'),(395,'2024-09-20 06:58:11','72127681'),(396,'2024-09-20 07:02:52','46389522'),(397,'2024-09-20 07:02:56','71025400'),(398,'2024-09-20 07:03:10','70770755'),(399,'2024-09-20 07:03:24','71081647'),(400,'2024-09-20 07:03:31','77479471'),(401,'2024-09-20 07:03:44','76384224'),(402,'2024-09-20 07:03:47','76000986'),(403,'2024-09-20 07:03:50','75021313'),(404,'2024-09-20 07:03:52','75799843'),(405,'2024-09-20 07:03:55','60071117'),(406,'2024-09-20 07:03:58','73829853'),(407,'2024-09-20 07:04:19','72872965'),(408,'2024-09-20 07:05:43','75935977'),(409,'2024-09-20 07:05:47','73459553'),(410,'2024-09-20 07:05:52','76307291'),(411,'2024-09-20 07:05:56','73905453'),(412,'2024-09-20 07:06:01','43690202'),(413,'2024-09-20 07:06:04','71781863'),(414,'2024-09-20 07:06:06','72604723'),(415,'2024-09-20 07:06:16','74635625'),(416,'2024-09-20 07:06:19','77351693'),(417,'2024-09-20 07:06:21','72784124'),(418,'2024-09-20 07:06:24','73189177'),(419,'2024-09-20 07:06:37','78021728'),(420,'2024-09-20 07:06:39','74720948'),(421,'2024-09-20 07:06:42','76224178'),(422,'2024-09-20 07:06:45','62787873'),(423,'2024-09-20 07:06:57','76876278'),(424,'2024-09-20 07:07:00','74417726'),(425,'2024-09-20 07:07:03','60984421'),(426,'2024-09-20 07:07:07','71879516'),(427,'2024-09-20 07:07:10','72658188'),(428,'2024-09-20 07:07:13','73691207'),(429,'2024-09-20 07:07:15','76013018'),(430,'2024-09-20 07:07:22','61060280'),(431,'2024-09-20 07:07:26','60984398'),(432,'2024-09-20 07:13:18','75523452'),(433,'2024-09-20 07:13:35','74177744'),(434,'2024-09-20 07:13:45','75105488'),(435,'2024-09-20 07:13:54','74204282'),(436,'2024-09-20 07:17:37','60071300'),(437,'2024-09-20 07:17:48','76633115'),(438,'2024-09-20 07:20:09','71587415'),(439,'2024-09-20 07:21:21','75221164'),(440,'2024-09-20 07:21:24','75832454'),(441,'2024-09-20 07:21:28','72326058'),(442,'2024-09-20 07:23:57','76034441'),(443,'2024-09-20 07:24:03','71786998'),(444,'2024-09-20 07:29:18','76626533'),(445,'2024-09-20 07:29:22','70980417'),(446,'2024-09-20 07:31:00','73828823'),(447,'2024-09-20 07:31:59','76430071'),(448,'2024-09-20 07:32:07','71641249'),(449,'2024-09-20 07:32:12','73011322'),(450,'2024-09-20 07:32:42','71051076'),(451,'2024-09-20 07:32:47','76528160'),(452,'2024-09-20 07:42:45','77333861'),(453,'2024-09-20 07:47:31','71518842'),(454,'2024-09-20 07:50:35','74218636'),(455,'2024-09-20 07:50:47','70146571'),(456,'2024-09-20 07:54:14','74929607'),(457,'2024-09-20 07:59:20','77024067'),(458,'2024-09-20 08:00:22','75696637'),(459,'2024-09-20 08:05:12','71893163'),(460,'2024-09-20 08:06:34','71689014'),(461,'2024-09-20 08:06:40','72783236'),(462,'2024-09-20 08:08:18','75592418'),(463,'2024-09-20 08:08:23','71474676'),(464,'2024-09-20 08:13:29','74484181'),(465,'2024-09-20 08:14:00','60071236'),(466,'2024-09-20 08:17:00','71278401'),(467,'2024-09-20 08:20:46','70377227'),(468,'2024-09-20 08:22:18','71501594'),(469,'2024-09-20 08:26:36','72500450'),(470,'2024-09-20 08:26:39','74750310'),(471,'2024-09-20 08:28:41','71818323'),(472,'2024-09-20 08:32:06','75894151'),(473,'2024-09-20 08:39:08','75111008'),(474,'2024-09-20 08:49:38','72604566'),(475,'2024-09-23 07:00:04','74243738'),(476,'2024-09-23 07:00:07','73077049'),(477,'2024-09-23 07:00:19','72519372'),(478,'2024-09-23 07:00:21','76130805'),(479,'2024-09-23 07:00:25','75889241'),(480,'2024-09-23 07:00:38','62264010'),(481,'2024-09-23 07:00:41','72127682'),(482,'2024-09-23 07:00:45','72127681'),(483,'2024-09-23 07:00:56','75361045'),(484,'2024-09-23 07:00:59','77050350'),(485,'2024-09-23 07:01:02','60755281'),(486,'2024-09-23 07:01:05','72506357'),(487,'2024-09-23 07:01:09','74314914'),(488,'2024-09-23 07:01:11','73126516'),(489,'2024-09-23 07:01:14','72558508'),(490,'2024-09-23 07:01:19','76000986'),(491,'2024-09-23 07:01:28','71025400'),(492,'2024-09-23 07:01:31','71081647'),(493,'2024-09-23 07:01:34','46389522'),(494,'2024-09-23 07:01:37','73829853'),(495,'2024-09-23 07:01:40','60071117'),(496,'2024-09-23 07:02:04','72872965'),(497,'2024-09-23 07:02:10','71025401'),(498,'2024-09-23 07:02:14','70794011'),(499,'2024-09-23 07:02:20','75021313'),(500,'2024-09-23 07:02:25','77479471'),(501,'2024-09-23 07:08:06','62787873'),(502,'2024-09-23 07:08:12','76307291'),(503,'2024-09-23 07:08:19','74060214'),(504,'2024-09-23 07:08:24','77351693'),(505,'2024-09-23 07:08:27','71781863'),(506,'2024-09-23 07:08:32','78021728'),(507,'2024-09-23 07:08:34','43690202'),(508,'2024-09-23 07:08:37','74720948'),(509,'2024-09-23 07:08:41','71786998'),(510,'2024-09-23 07:08:45','72604723'),(511,'2024-09-23 07:08:48','72500450'),(512,'2024-09-23 07:08:54','71689014'),(513,'2024-09-23 07:08:58','71641249'),(514,'2024-09-23 07:09:01','76876278'),(515,'2024-09-23 07:09:05','74417726'),(516,'2024-09-23 07:09:08','70377227'),(517,'2024-09-23 07:09:11','73905453'),(518,'2024-09-23 07:09:15','60984421'),(519,'2024-09-23 07:09:17','72975372'),(520,'2024-09-23 07:09:21','61060280'),(521,'2024-09-23 07:09:25','71879516'),(522,'2024-09-23 07:09:28','76013018'),(523,'2024-09-23 07:09:31','60984398'),(524,'2024-09-23 07:09:34','74750310'),(525,'2024-09-23 07:09:38','71518842'),(526,'2024-09-23 07:09:40','76224178'),(527,'2024-09-23 07:09:43','72658188'),(528,'2024-09-23 07:09:46','74635625'),(529,'2024-09-23 07:10:07','76034441'),(530,'2024-09-23 07:13:33','75799843'),(531,'2024-09-23 07:13:39','73011322'),(532,'2024-09-23 07:13:42','76430071'),(533,'2024-09-23 07:13:47','74844197'),(534,'2024-09-23 07:14:03','76633115'),(535,'2024-09-23 07:19:09','74204282'),(536,'2024-09-23 07:19:25','74177744'),(537,'2024-09-23 07:19:28','72714345'),(538,'2024-09-23 07:19:31','60071300'),(539,'2024-09-23 07:19:43','75523452'),(540,'2024-09-23 07:19:56','73233489'),(541,'2024-09-23 07:20:09','60071236'),(542,'2024-09-23 07:20:13','75908003'),(543,'2024-09-23 07:25:21','71587415'),(544,'2024-09-23 07:25:26','75832454'),(545,'2024-09-23 07:25:30','72326058'),(546,'2024-09-23 07:25:33','76528160'),(547,'2024-09-23 07:25:36','73828823'),(548,'2024-09-23 07:26:17','72170519'),(549,'2024-09-23 07:28:14','71540152'),(550,'2024-09-23 07:33:14','76384224'),(551,'2024-09-23 07:34:27','70146571'),(552,'2024-09-23 07:34:34','76626533'),(553,'2024-09-23 07:34:37','70980417'),(554,'2024-09-23 07:39:33','72784124'),(555,'2024-09-23 07:41:32','71278401'),(556,'2024-09-23 07:42:24','77333861'),(557,'2024-09-23 07:45:48','75696637'),(558,'2024-09-23 07:45:53','72783236'),(559,'2024-09-23 07:51:02','62153018'),(560,'2024-09-23 07:55:20','73764871'),(561,'2024-09-23 07:58:19','75221164'),(562,'2024-09-23 08:04:55','70770755'),(563,'2024-09-23 08:08:35','73275049'),(564,'2024-09-24 07:02:09','73126516'),(565,'2024-09-24 07:02:17','72558508'),(566,'2024-09-24 07:02:23','76130805'),(567,'2024-09-24 07:02:27','73077049'),(568,'2024-09-24 07:02:31','72519372'),(569,'2024-09-24 07:02:34','60755281'),(570,'2024-09-24 07:02:41','75889241'),(571,'2024-09-24 07:02:46','75908003'),(572,'2024-09-24 07:02:50','72506357'),(573,'2024-09-24 07:02:52','71540152'),(574,'2024-09-24 07:02:56','74314914'),(575,'2024-09-24 07:02:58','75799843'),(576,'2024-09-24 07:03:01','71025401'),(577,'2024-09-24 07:03:04','71081647'),(578,'2024-09-24 07:03:07','71025400'),(579,'2024-09-24 07:03:09','76384224'),(580,'2024-09-24 07:03:11','76626533'),(581,'2024-09-24 07:03:13','60071117'),(582,'2024-09-24 07:03:15','70794011'),(583,'2024-09-24 07:03:17','73828823'),(584,'2024-09-24 07:03:19','73829853'),(585,'2024-09-24 07:03:41','75021313'),(586,'2024-09-24 07:03:43','71781863'),(587,'2024-09-24 07:03:48','76307291'),(588,'2024-09-24 07:03:51','72975372'),(589,'2024-09-24 07:03:54','73905453'),(590,'2024-09-24 07:03:58','74060214'),(591,'2024-09-24 07:04:09','76876278'),(592,'2024-09-24 07:04:13','74417726'),(593,'2024-09-24 07:04:16','72658188'),(594,'2024-09-24 07:04:23','62787873'),(595,'2024-09-24 07:04:27','73189177'),(596,'2024-09-24 07:04:29','73691207'),(597,'2024-09-24 07:04:32','71879516'),(598,'2024-09-24 07:04:41','72604723'),(599,'2024-09-24 07:04:43','72784124'),(600,'2024-09-24 07:04:46','73459553'),(601,'2024-09-24 07:04:51','77351693'),(602,'2024-09-24 07:05:11','76430071'),(603,'2024-09-24 07:05:13','76013018'),(604,'2024-09-24 07:05:16','61060280'),(605,'2024-09-24 07:05:19','60984398'),(606,'2024-09-24 07:05:21','60984421'),(607,'2024-09-24 07:15:11','76528160'),(608,'2024-09-24 07:15:19','60071300'),(609,'2024-09-24 07:15:23','60071236'),(610,'2024-09-24 07:15:26','74177744'),(611,'2024-09-24 07:15:28','72714345'),(612,'2024-09-24 07:15:32','75523452'),(613,'2024-09-24 07:15:35','73233489'),(614,'2024-09-24 07:15:47','74204282'),(615,'2024-09-24 07:17:20','74844197'),(616,'2024-09-24 07:17:23','76633115'),(617,'2024-09-24 07:18:18','70980417'),(618,'2024-09-24 07:19:15','71587415'),(619,'2024-09-24 07:19:52','75832454'),(620,'2024-09-24 07:19:56','75221164'),(621,'2024-09-24 07:20:00','72326058'),(622,'2024-09-24 07:25:04','70146571'),(623,'2024-09-24 07:27:21','72170519'),(624,'2024-09-24 07:30:54','72872965'),(625,'2024-09-24 07:33:31','62153018'),(626,'2024-09-24 07:34:04','74580370'),(627,'2024-09-24 07:36:56','76224178'),(628,'2024-09-24 07:43:20','43690202'),(629,'2024-09-24 07:43:47','71689014'),(630,'2024-09-24 07:43:50','72783236'),(631,'2024-09-24 07:44:32','72500450'),(632,'2024-09-24 07:44:35','74750310'),(633,'2024-09-24 07:45:23','73011322'),(634,'2024-09-24 07:47:50','73764871'),(635,'2024-09-24 07:48:17','77333861'),(636,'2024-09-24 07:57:30','76034441'),(637,'2024-09-24 07:57:33','71786998'),(638,'2024-09-24 07:57:35','74635625'),(639,'2024-09-24 08:00:26','71501594'),(640,'2024-09-24 08:01:06','62264010'),(641,'2024-09-24 08:01:09','77050350'),(642,'2024-09-24 08:01:17','71474676'),(643,'2024-09-24 08:01:45','75592418'),(644,'2024-09-24 08:04:59','70536580'),(645,'2024-09-24 08:06:46','74218636'),(646,'2024-09-24 08:07:29','75894151'),(647,'2024-09-24 08:12:58','75486389'),(648,'2024-09-24 08:13:02','73930140'),(649,'2024-09-24 08:13:24','70377227'),(650,'2024-09-24 08:19:31','46389522'),(651,'2024-09-24 08:21:07','73275049'),(652,'2024-09-24 08:24:06','71893163'),(653,'2024-09-24 08:28:35','71518842'),(654,'2024-09-24 08:29:25','76131307'),(655,'2024-09-24 08:43:27','71641249'),(656,'2024-09-24 09:04:31','72127681'),(657,'2024-09-24 09:07:00','61269014'),(658,'2024-09-25 07:04:38','71081647'),(659,'2024-09-25 07:04:44','76384224'),(660,'2024-09-25 07:04:49','73828823'),(661,'2024-09-25 07:04:54','76000986'),(662,'2024-09-25 07:04:59','73829853'),(663,'2024-09-25 07:05:03','46389522'),(664,'2024-09-25 07:05:07','60071117'),(665,'2024-09-25 07:05:11','75021313'),(666,'2024-09-25 07:05:14','77479471'),(667,'2024-09-25 07:05:21','71025400'),(668,'2024-09-25 07:05:25','72872965'),(669,'2024-09-25 07:05:29','71025401'),(670,'2024-09-25 07:05:33','75361045'),(671,'2024-09-25 07:05:39','60755281'),(672,'2024-09-25 07:05:44','75908003'),(673,'2024-09-25 07:05:47','74314914'),(674,'2024-09-25 07:05:53','72127682'),(675,'2024-09-25 07:05:58','73077049'),(676,'2024-09-25 07:06:02','75889241'),(677,'2024-09-25 07:06:08','75486389'),(678,'2024-09-25 07:07:04','74243738'),(679,'2024-09-25 07:07:09','72558508'),(680,'2024-09-25 07:07:24','62264010'),(681,'2024-09-25 07:07:30','73459553'),(682,'2024-09-25 07:07:35','75935977'),(683,'2024-09-25 07:07:42','74060214'),(684,'2024-09-25 07:07:48','71781863'),(685,'2024-09-25 07:07:53','76130805'),(686,'2024-09-25 07:08:37','77050350'),(687,'2024-09-25 07:09:57','74844197'),(688,'2024-09-25 07:10:02','78021728'),(689,'2024-09-25 07:10:26','76307291'),(690,'2024-09-25 07:10:31','76876278'),(691,'2024-09-25 07:10:37','73905453'),(692,'2024-09-25 07:10:44','73189177'),(693,'2024-09-25 07:10:50','72784124'),(694,'2024-09-25 07:10:54','72604723'),(695,'2024-09-25 07:11:02','77351693'),(696,'2024-09-25 07:11:19','74417726'),(697,'2024-09-25 07:11:52','73691207'),(698,'2024-09-25 07:11:59','62787873'),(699,'2024-09-25 07:12:06','72975372'),(700,'2024-09-25 07:12:13','71879516'),(701,'2024-09-25 07:12:20','72658188'),(702,'2024-09-25 07:12:34','76013018'),(703,'2024-09-25 07:12:45','76224178'),(704,'2024-09-25 07:12:50','74720948'),(705,'2024-09-25 07:13:01','60984398'),(706,'2024-09-25 07:13:06','76626533'),(707,'2024-09-25 07:14:22','74177744'),(708,'2024-09-25 07:14:28','60071300'),(709,'2024-09-25 07:14:41','75523452'),(710,'2024-09-25 07:14:47','72714345'),(711,'2024-09-25 07:14:53','74580370'),(712,'2024-09-25 07:15:50','76528160'),(713,'2024-09-25 07:16:13','72326058'),(714,'2024-09-25 07:16:19','75832454'),(715,'2024-09-25 07:16:26','75221164'),(716,'2024-09-25 07:31:01','76633115'),(717,'2024-09-25 07:31:21','72500450'),(718,'2024-09-25 07:31:26','74750310'),(719,'2024-09-25 07:31:32','70980417'),(720,'2024-09-25 07:32:36','72469292'),(721,'2024-09-25 07:34:56','74204282'),(722,'2024-09-25 07:36:00','72170519'),(723,'2024-09-25 07:36:10','61269014'),(724,'2024-09-25 07:38:38','60071236'),(725,'2024-09-25 07:41:24','43690202'),(726,'2024-09-25 07:41:35','71473612'),(727,'2024-09-25 07:43:31','72519372'),(728,'2024-09-25 07:44:09','71641249'),(729,'2024-09-25 07:44:18','73011322'),(730,'2024-09-25 07:44:24','76430071'),(731,'2024-09-25 07:46:01','70146571'),(732,'2024-09-25 07:49:05','71518842'),(733,'2024-09-25 07:49:11','71818323'),(734,'2024-09-25 07:49:50','70770755'),(735,'2024-09-25 07:52:28','77333861'),(736,'2024-09-25 07:53:48','75696637'),(737,'2024-09-25 07:53:55','71474676'),(738,'2024-09-25 07:54:01','75592418'),(739,'2024-09-25 07:54:18','74218636'),(740,'2024-09-25 07:54:42','71786998'),(741,'2024-09-25 07:59:08','77024067'),(742,'2024-09-25 08:00:00','74635625'),(743,'2024-09-25 08:00:06','73930140'),(744,'2024-09-25 08:06:20','71893163'),(745,'2024-09-25 08:18:18','75799843'),(746,'2024-09-25 08:22:28','73109244'),(747,'2024-09-25 08:30:36','71587415'),(748,'2024-09-25 08:30:44','72783236'),(749,'2024-09-25 08:30:52','74890694'),(750,'2024-09-25 08:31:11','71278401'),(751,'2024-09-25 08:31:38','71689014'),(752,'2024-09-25 08:35:13','73126516'),(753,'2024-09-25 08:35:31','70536580'),(754,'2024-09-25 08:56:07','76140712'),(755,'2024-09-25 08:56:11','70377227'),(756,'2024-09-26 07:01:09','72500450'),(757,'2024-09-26 07:01:11','74750310'),(758,'2024-09-26 07:01:14','70377227'),(759,'2024-09-26 07:01:17','73829853'),(760,'2024-09-26 07:01:19','75799843'),(761,'2024-09-26 07:01:22','76384224'),(762,'2024-09-26 07:01:27','75021313'),(763,'2024-09-26 07:01:30','76000986'),(764,'2024-09-26 07:01:33','60071117'),(765,'2024-09-26 07:01:36','71081647'),(766,'2024-09-26 07:01:39','72519372'),(767,'2024-09-26 07:01:46','77479471'),(768,'2024-09-26 07:01:49','46389522'),(769,'2024-09-26 07:01:51','72872965'),(770,'2024-09-26 07:01:54','74243738'),(771,'2024-09-26 07:01:56','72558508'),(772,'2024-09-26 07:01:59','73126516'),(773,'2024-09-26 07:02:01','75361045'),(774,'2024-09-26 07:02:03','60755281'),(775,'2024-09-26 07:02:06','74314914'),(776,'2024-09-26 07:02:09','75908003'),(777,'2024-09-26 07:02:12','77050350'),(778,'2024-09-26 07:02:15','76130805'),(779,'2024-09-26 07:02:18','73077049'),(780,'2024-09-26 07:02:21','72506357'),(781,'2024-09-26 07:02:24','72127682'),(782,'2024-09-26 07:02:26','72127681'),(783,'2024-09-26 07:02:28','75889241'),(784,'2024-09-26 07:02:37','62264010'),(785,'2024-09-26 07:04:27','74844197'),(786,'2024-09-26 07:06:22','76876278'),(787,'2024-09-26 07:06:27','71781863'),(788,'2024-09-26 07:06:30','74417726'),(789,'2024-09-26 07:06:46','75935977'),(790,'2024-09-26 07:06:57','73905453'),(791,'2024-09-26 07:07:00','72975372'),(792,'2024-09-26 07:07:02','72784124'),(793,'2024-09-26 07:07:04','73459553'),(794,'2024-09-26 07:07:08','76307291'),(795,'2024-09-26 07:07:10','72604723'),(796,'2024-09-26 07:07:12','74720948'),(797,'2024-09-26 07:07:15','76224178'),(798,'2024-09-26 07:07:18','73189177'),(799,'2024-09-26 07:07:21','78021728'),(800,'2024-09-26 07:07:23','77351693'),(801,'2024-09-26 07:07:26','74060214'),(802,'2024-09-26 07:07:33','72658188'),(803,'2024-09-26 07:07:35','73691207'),(804,'2024-09-26 07:07:37','76013018'),(805,'2024-09-26 07:07:40','60984421'),(806,'2024-09-26 07:07:43','61060280'),(807,'2024-09-26 07:07:47','60984398'),(808,'2024-09-26 07:07:56','71199832'),(809,'2024-09-26 07:08:03','72866478'),(810,'2024-09-26 07:08:05','74580370'),(811,'2024-09-26 07:09:50','76633115'),(812,'2024-09-26 07:14:23','74177744'),(813,'2024-09-26 07:14:29','60071300'),(814,'2024-09-26 07:14:32','76430071'),(815,'2024-09-26 07:14:35','75523452'),(816,'2024-09-26 07:14:38','73828823'),(817,'2024-09-26 07:14:51','73233489'),(818,'2024-09-26 07:16:06','74204282'),(819,'2024-09-26 07:16:31','72326058'),(820,'2024-09-26 07:16:35','75832454'),(821,'2024-09-26 07:19:56','71025401'),(822,'2024-09-26 07:20:00','76626533'),(823,'2024-09-26 07:25:15','76528160'),(824,'2024-09-26 07:28:03','62787873'),(825,'2024-09-26 07:28:35','70980417'),(826,'2024-09-26 07:34:20','70146571'),(827,'2024-09-26 07:38:28','60071236'),(828,'2024-09-26 07:44:21','62153018'),(829,'2024-09-26 07:44:26','71689014'),(830,'2024-09-26 07:46:12','77333861'),(831,'2024-09-26 07:48:14','75696637'),(832,'2024-09-26 07:48:57','72783236'),(833,'2024-09-26 07:49:35','71641249'),(834,'2024-09-26 07:49:39','73011322'),(835,'2024-09-26 07:49:56','74218636'),(836,'2024-09-26 07:50:08','74635625'),(837,'2024-09-26 07:52:28','71474676'),(838,'2024-09-26 07:53:16','73930140'),(839,'2024-09-26 07:56:35','76034441'),(840,'2024-09-26 07:56:44','71786998'),(841,'2024-09-26 07:58:39','75221164'),(842,'2024-09-26 08:01:31','73275049'),(843,'2024-09-26 08:02:20','72551867'),(844,'2024-09-26 08:02:36','72387003'),(845,'2024-09-26 08:02:52','60753084'),(846,'2024-09-26 08:06:06','77024067'),(847,'2024-09-26 08:10:08','70770755'),(848,'2024-09-26 08:10:27','71818323'),(849,'2024-09-26 08:12:21','75486389'),(850,'2024-09-26 08:12:48','75592418'),(851,'2024-09-26 08:14:45','71518842'),(852,'2024-09-26 08:15:25','43690202'),(853,'2024-09-26 08:15:50','71501594'),(854,'2024-09-26 08:17:24','74890694'),(855,'2024-09-26 08:23:08','72170519'),(856,'2024-09-26 08:24:36','74756277'),(857,'2024-09-26 08:27:05','71893163'),(858,'2024-09-26 08:31:49','76131307'),(859,'2024-09-26 08:59:43','73764871'),(860,'2024-09-26 10:00:34','48415879'),(861,'2024-09-26 10:01:11','70340334');
/*!40000 ALTER TABLE `asistenciacomedordesayuno` ENABLE KEYS */;
UNLOCK TABLES;

--
-- Table structure for table `carrera`
--

DROP TABLE IF EXISTS `carrera`;
/*!40101 SET @saved_cs_client     = @@character_set_client */;
/*!50503 SET character_set_client = utf8mb4 */;
CREATE TABLE `carrera` (
  `id` int NOT NULL AUTO_INCREMENT,
  `descripcion` varchar(20) COLLATE utf8mb4_general_ci NOT NULL,
  PRIMARY KEY (`id`)
) ENGINE=InnoDB AUTO_INCREMENT=6 DEFAULT CHARSET=utf8mb4 COLLATE=utf8mb4_general_ci;
/*!40101 SET character_set_client = @saved_cs_client */;

--
-- Dumping data for table `carrera`
--

LOCK TABLES `carrera` WRITE;
/*!40000 ALTER TABLE `carrera` DISABLE KEYS */;
INSERT INTO `carrera` VALUES (1,'Ing.Sistemas'),(2,'Administracin'),(3,'Turismo'),(4,'Agronoma'),(5,'Contabilidad');
/*!40000 ALTER TABLE `carrera` ENABLE KEYS */;
UNLOCK TABLES;

--
-- Table structure for table `estadolistaalmuerzo`
--

DROP TABLE IF EXISTS `estadolistaalmuerzo`;
/*!40101 SET @saved_cs_client     = @@character_set_client */;
/*!50503 SET character_set_client = utf8mb4 */;
CREATE TABLE `estadolistaalmuerzo` (
  `id` int NOT NULL AUTO_INCREMENT,
  `estado` varchar(1) COLLATE utf8mb4_general_ci NOT NULL,
  PRIMARY KEY (`id`)
) ENGINE=InnoDB DEFAULT CHARSET=utf8mb4 COLLATE=utf8mb4_general_ci;
/*!40101 SET character_set_client = @saved_cs_client */;

--
-- Dumping data for table `estadolistaalmuerzo`
--

LOCK TABLES `estadolistaalmuerzo` WRITE;
/*!40000 ALTER TABLE `estadolistaalmuerzo` DISABLE KEYS */;
/*!40000 ALTER TABLE `estadolistaalmuerzo` ENABLE KEYS */;
UNLOCK TABLES;

--
-- Table structure for table `estadolistadesayuno`
--

DROP TABLE IF EXISTS `estadolistadesayuno`;
/*!40101 SET @saved_cs_client     = @@character_set_client */;
/*!50503 SET character_set_client = utf8mb4 */;
CREATE TABLE `estadolistadesayuno` (
  `id` int NOT NULL AUTO_INCREMENT,
  `estado` varchar(1) COLLATE utf8mb4_general_ci NOT NULL,
  PRIMARY KEY (`id`)
) ENGINE=InnoDB DEFAULT CHARSET=utf8mb4 COLLATE=utf8mb4_general_ci;
/*!40101 SET character_set_client = @saved_cs_client */;

--
-- Dumping data for table `estadolistadesayuno`
--

LOCK TABLES `estadolistadesayuno` WRITE;
/*!40000 ALTER TABLE `estadolistadesayuno` DISABLE KEYS */;
/*!40000 ALTER TABLE `estadolistadesayuno` ENABLE KEYS */;
UNLOCK TABLES;

--
-- Table structure for table `estudiante`
--

DROP TABLE IF EXISTS `estudiante`;
/*!40101 SET @saved_cs_client     = @@character_set_client */;
/*!50503 SET character_set_client = utf8mb4 */;
CREATE TABLE `estudiante` (
  `id` int NOT NULL AUTO_INCREMENT,
  `cUniversitario` varchar(20) COLLATE utf8mb4_general_ci NOT NULL,
  `dni` varchar(20) COLLATE utf8mb4_general_ci NOT NULL,
  `nombres` varchar(40) COLLATE utf8mb4_general_ci NOT NULL,
  `aPaterno` varchar(20) COLLATE utf8mb4_general_ci NOT NULL,
  `aMaterno` varchar(20) COLLATE utf8mb4_general_ci NOT NULL,
  `carrera` int NOT NULL,
  `estado` varchar(1) COLLATE utf8mb4_general_ci NOT NULL,
  `modalidad` varchar(20) COLLATE utf8mb4_general_ci NOT NULL,
  PRIMARY KEY (`id`)
) ENGINE=InnoDB AUTO_INCREMENT=773 DEFAULT CHARSET=utf8mb4 COLLATE=utf8mb4_general_ci;
/*!40101 SET character_set_client = @saved_cs_client */;

--
-- Dumping data for table `estudiante`
--

LOCK TABLES `estudiante` WRITE;
/*!40000 ALTER TABLE `estudiante` DISABLE KEYS */;
INSERT INTO `estudiante` VALUES (401,'2101010002','76091531','Nayara Ximena','Aburto ','Tito',5,'A','ALMUERZO'),(402,'2101010003','76814601','YUDITH MARGOT','Aburto','Zapata',2,'A','ALMUERZO'),(403,'2101080006','75252581','Carlos Diego ','Agramonte','Lurita',4,'A','ALMUERZO'),(404,'2002010003','71844992','KATERINNE ELIZABETH','Aguado','Reynoso',3,'A','ALMUERZO'),(405,'2101010007','70340334','Yuemey Nayeli ','Aguado','Taboada',3,'A','AMBOS'),(406,'2301010005','60071300','Fernanda Julieth','Agero','Chavez',3,'A','AMBOS'),(407,'2301010004','71436196','Oliver Francisco','Agiela','Palomino',1,'A','ALMUERZO'),(408,'2101010009','75855825','CIEL RUBI','Alarcn','Arias',2,'A','ALMUERZO'),(409,'2301020010','60323402','Yamily Ivone ','Alcala','Rojas',5,'A','ALMUERZO'),(410,'2411010005','60984421','Jeferson Joel','Almeyda','Medina',1,'A','AMBOS'),(411,'2201010014','75832454','Alejandra','Amoretti','Laura',5,'A','AMBOS'),(412,'2301020014','73691207','Farid Daniel','Antn','Rio',1,'A','AMBOS'),(413,'2101020023','74425008','Ruth','Aquino','Lermo',4,'A','ALMUERZO'),(414,'2101010024','76140712','NOELIA ROSA ','Aquise','Chambi',3,'A','AMBOS'),(415,'2002010010','71501594','PATRIC AARON PASCUAL','Arangoitia','Rojas',5,'A','AMBOS'),(416,'2301010015','74314914','Hctor Alexander ','Arias','Torres',5,'A','AMBOS'),(417,'2101010030','70794011','Eloy Andrs ','Armas','Canchari',4,'A','AMBOS'),(418,'2301080017','71605942','Diego Armando','Arotinco','Vicente',4,'A','ALMUERZO'),(419,'2411010013','70536580','NICOLE NAOMI','Arteaga','Reyna',3,'A','AMBOS'),(420,'2201010021','70834578','Anyely Alejandra','Asin','Manco',2,'A','AMBOS'),(421,'2101010034','71441157','ANGELA NAOMY','Avalos','Pacheco',3,'A','ALMUERZO'),(422,'2002010015','62052047','FELIX ANDRES','Avendao','Antezana',2,'A','ALMUERZO'),(423,'1971852500','71852500','FIORELLA ANAIS','Ayala','Rodriguez',1,'A','ALMUERZO'),(424,'2411080016','76980478','Enrique Saul','Aylas','Huaman',4,'A','ALMUERZO'),(425,'2411080017','75523452','Denilso Emiliano','Ayllon','Hernandez',2,'A','AMBOS'),(426,'2411080018','74248740','Ariana Damaris ','Aylln','Melgar',2,'A','ALMUERZO'),(427,'2301010024','46389522','yanina susana','Ayta','Palacios',4,'A','AMBOS'),(428,'1875894151','75894151','Danny Raul','Baldeon','Carbajal',3,'A','AMBOS'),(429,'2101010040','75361045','SOFIA ALEJANDRA ','Barahona','Mamani',4,'A','AMBOS'),(430,'2101010041','71690429','YEDA JULIA','Barcena','Camargo',5,'A','ALMUERZO'),(431,'2301010026','71518842','Mariano','Bardales','Pachas',5,'A','AMBOS'),(432,'2002010020','71348068','Danuzkha Beln','Bautista','Gutierrez',5,'A','ALMUERZO'),(433,'2411110019','60848761','Estefany Maria Fe','Bautista','Orihuela',4,'A','ALMUERZO'),(434,'2002010022','74204282','Lia Loana','Bendezu','Granda',4,'A','AMBOS'),(435,'2301010032','60755281','Fernando Jos ','Bendezu','Sosa',5,'A','AMBOS'),(436,'2201010032','75376617','Guillermo ','Bernab','Hernndez',4,'A','ALMUERZO'),(437,'2301010034','71436172','Angela Yolanda','Blas','Barrientos',3,'A','ALMUERZO'),(438,'2201010034','73857381','Alejandro Robert','Bonifacio','Campos',5,'A','ALMUERZO'),(439,'2301080035','73828823','Marilyn Rocio','Borda','Manrique',2,'A','AMBOS'),(440,'2301010036','76876278','Ariana Isabel','Borjas','Barillas',5,'A','AMBOS'),(441,'2301010038','77343297','Akemi Hayek','Buitron','Huarcaya',2,'A','ALMUERZO'),(442,'2301010039','71436177','CARLOS ALEXIS','Burgos','Albarran',3,'A','ALMUERZO'),(443,'2301080041','72306109','Guianella Alexandra','Caceres','Menacho',3,'A','ALMUERZO'),(444,'2201010039','75434735','Gianpierre ruber ','Cahua','Garcia',4,'A','ALMUERZO'),(445,'2101010056','75592418','jhon pryor','Calderon','Seguin',4,'A','AMBOS'),(446,'2411080025','71540152','NICOLLE ALEXANDRA','Campos','Chamorro',2,'A','AMBOS'),(447,'2301010050','73829853','Yasuri Milady','Campos','Rodrguez',2,'A','AMBOS'),(448,'2301010051','71199832','Naomy Carolay','Cano','Alcantara',4,'A','AMBOS'),(449,'2201010050','61269014','Ronal Alejandro ','Carbonel','Llanos',5,'A','AMBOS'),(450,'221010051','75936383','Bryan Ignacio','Crdenas','Melgarejo',4,'A','ALMUERZO'),(451,'2301010057','74811186','Enrique Alejandro','Cardenas','Ochoa',2,'A','ALMUERZO'),(452,'2002010041','71788449','Melissa Soledad','Cartagena','Martinez',2,'A','ALMUERZO'),(453,'2101010068','71844900','DAVID GAJANAN ','Casas','Fernndez',4,'A','AMBOS'),(454,'2101010071','71474676','Luis Fernando','Casavilca','Claudio',4,'A','AMBOS'),(455,'2101080076','71689014','Angela Giuliana ','Castilln','Cueva',2,'A','AMBOS'),(456,'2411080030','72179717','Jeyson David','Castro','Loa',5,'A','ALMUERZO'),(457,'2301010063','76626533','Jess Antonio','Caycho','Snchez',1,'A','AMBOS'),(458,'2301080064','76013018','Yhon Eder','Ccayahuallpa','Ramos',2,'A','AMBOS'),(459,'2301010065','77479471','Katerine Gabriela','Centeno','Cardenas',4,'A','AMBOS'),(460,'2201080068','71587415','Yadhira Isabel','Cerrn','Chumpitaz',5,'A','AMBOS'),(461,'2101010079','76345137','Dayana Franshesca','Cerrn','Vilca',1,'A','ALMUERZO'),(462,'2101010398','75984978','Nayelly Johana','Chacon','Borjas',5,'A','ALMUERZO'),(463,'2201010071','74720948','Cristian Zeta','Chalco','Palomino',1,'A','AMBOS'),(464,'2301010382','75111008','ximena yarumi','Champi','Aceituno',3,'A','AMBOS'),(465,'2301010069','76131307','Maylin Alejandrina','Changanaqui','Vicente',3,'A','AMBOS'),(466,'2411020036','60848731','Juan Pedro ','Chaupin','Sota',1,'A','ALMUERZO'),(467,'2002010056','73829867','Nicole Yohana','Chavez','Saldaa',1,'A','ALMUERZO'),(468,'2201080078','76224178','Dajhan Jhomar ','Chipana','Durand',1,'A','AMBOS'),(469,'2301080081','75105488','Josselyn Mariel','Chumpitaz','Acevedo',4,'A','AMBOS'),(470,'2411080043','60733047','Luis Leonardo ','Chumpitaz','Ramirez',5,'A','ALMUERZO'),(471,'2301010084','76302883','Anglica Mirella ','Chumpitaz','Villarubia',3,'A','ALMUERZO'),(472,'2201080080','74844197','Almendra Liz','Chuquimajo','Santos',5,'A','AMBOS'),(473,'2301080085','76684850','Jhans Alberto','Cieza','Choquecota',5,'A','ALMUERZO'),(474,'2411110045','6103039','Gerardo Melchor Francesco','Conde','Felipe',2,'A','ALMUERZO'),(475,'2201010085','75255663','steven alessandro','Condori','janampa',1,'A','ALMUERZO'),(476,'2002010060','73011322','Mayra Alejandra','Contreras','Vasquez',4,'A','AMBOS'),(477,'2411010047','60912150','Jade Katherine','Cordova','Ortiz',5,'A','ALMUERZO'),(478,'2201010090','73977567','Sebastin Alessandro ','Cornejo','Marroqun',2,'A','ALMUERZO'),(479,'2101010103','70377227','Waldir Horacio','Cuba','Lazaro',4,'A','AMBOS'),(480,'2411080052','72700491','FRANK WILFERD','Culqui','Zumaeta',5,'A','ALMUERZO'),(481,'2301010093','73630913','Deyssi Vanessa','Curi','Chavez',3,'A','ALMUERZO'),(482,'2001050035','76329968','Angie Pamela ','Cusi','Isla',2,'A','ALMUERZO'),(483,'2411080057','71741669','Maria Sthefanie','Cuzcano','Candela',5,'A','ALMUERZO'),(484,'2201080098','75509354','JOSE BRAYAN ','Damian','Bendezu',4,'A','AMBOS'),(485,'2101010109','71862291','FABRIZIO ALEJANDRO ','De','Flores',4,'A','ALMUERZO'),(486,'2301080095','71844901','Miguel Angel','De','Cueva',1,'A','ALMUERZO'),(487,'2301080097','77024067','Mariella Andrea ','De','Luyo',4,'A','AMBOS'),(488,'2301010100','72642995','Edmundo Ral','De','Zevallos',1,'A','ALMUERZO'),(489,'2101010112','76430071','Carolay Estefany','Delgado','Santiago',1,'A','AMBOS'),(490,'2201080110','72170519','Andres alonso','Elias','Torres',2,'A','AMBOS'),(491,'2101010115','73653239','Jos Bryan ','Enrique','Huaman',3,'A','ALMUERZO'),(492,'2101010116','74882739','JEFFERSON ALEXANDER','Enriquez','Aquije',2,'A','AMBOS'),(493,'2411080064','76395591','Brayan Omar','Espinal','Ojeda',2,'A','ALMUERZO'),(494,'2301080105','74417726','Edwin Herlis','Espinal','Rebottaro',5,'A','AMBOS'),(495,'2002010075','73936919','Catherin Yovana','Espinoza','Berrocal',5,'A','ALMUERZO'),(496,'2201080120','72975372','NICOLE ALISSON ','Felix','Torres',2,'A','AMBOS'),(497,'2201010121','71977410','Jhossep Dilson','Fernandez','Asto',1,'A','ALMUERZO'),(498,'2411010065','60752577','FABRIZIO','Fernndez','Crisstomo',1,'A','ALMUERZO'),(499,'2201010123','74240811','Dario Fabian ','Figueroa','Quiroz',1,'A','ALMUERZO'),(500,'2301080108','73207060','ALVARO DANIEL','Figueroa','Valencia',1,'A','ALMUERZO'),(501,'2301020110','73624936','EMMILI MAYLI','Flores','Ayala',2,'A','ALMUERZO'),(502,'2201010124','70146571','SANDRA ALICIA','Flores','Corrales',5,'A','AMBOS'),(503,'2201010126','74929607','MIJAIL HELIO','Flores','Llamocca',5,'A','AMBOS'),(504,'2001080045','76354499','CARLOS ALBERTO','Flores','Rojas',2,'A','ALMUERZO'),(505,'2101010135','72712678','Harolf Gonzalo','Francia','Valle',1,'A','ALMUERZO'),(506,'2101080139','71936831','Marco Josephy','Glvez','Rodriguez',1,'A','ALMUERZO'),(507,'2411080072','75093465','JOSE MARIA ESTEFANO','Garcia','Perez',2,'A','ALMUERZO'),(508,'2301010118','74177744','Rosa Flor','Gaspar','Huaman',2,'A','AMBOS'),(509,'2411080074','72026343','Miguel ngel','Godoy','Meza',3,'A','ALMUERZO'),(510,'2101020149','73459553','Leonor Ruth','Goitia','Cullanco',4,'A','AMBOS'),(511,'2201010145','75221164','Luz Mara','Gonzales','Cayampi',5,'A','AMBOS'),(512,'2411080076','71922211','Csar Sebastin','Gonzales','Palomino',3,'A','ALMUERZO'),(513,'2201010147','74967612','Mirella Kasandra','Gonzales','Senador',3,'A','ALMUERZO'),(514,'2301010124','73189177','MELANY ARLET','Guerra','Chuquispuma',2,'A','AMBOS'),(515,'2301010388','71879516','VALENTINO ADRIANO','Guerra','Mosquera',2,'A','AMBOS'),(516,'2002010089','74060214','DAYANA BRILLIT ','Guerrero','Ronceros',5,'A','AMBOS'),(517,'2101080163','73831835','JOSELYN THALIA','Gutierrez','Fernandez',3,'A','ALMUERZO'),(518,'2101080166','71465170','zulmi yoshelin','Gutierrez','Quispe',5,'A','ALMUERZO'),(519,'2002010092','70069438','Enrique Nieves','Gutierrez','Quispe',4,'A','ALMUERZO'),(520,'2301010128','72443579','Paolo Joaquin','Guzman','Chumpitaz',1,'A','AMBOS'),(521,'2002010094','48932200','Maria del Rosario','Hernandez','Ortega',4,'A','ALMUERZO'),(522,'2411010084','75336239','Nestor Saul','Hernandez','Roman',1,'A','ALMUERZO'),(523,'2101010170','75375323','Linda Georgina','Hernandez','Salazar',1,'A','ALMUERZO'),(524,'2411110085','60848461','Nayeli Roco','Herrera','Albino',1,'A','ALMUERZO'),(525,'2201010155','72127682','Brayam Eduardo','Hilasaca','Nivin',4,'A','AMBOS'),(526,'1972127681','72127681','Yunny Samanta','Hilasaca','Nivin',3,'A','AMBOS'),(527,'2201080162','73275049','SORANGEL BELEN','Huaman','Mendoza',4,'A','AMBOS'),(528,'2101080176','70782812','Sandro Zahid','Huamn','Mendoza',1,'A','ALMUERZO'),(529,'2002010101','74756277','Mirian Isabel','Huamn','Quispe',5,'A','AMBOS'),(530,'1975012167','75012167','CIELO MILAGROS','Huamn','Snchez',2,'A','ALMUERZO'),(531,'2411080090','60745312','Clever Teobaldo Gabriel ','Huamn','Snchez',2,'A','ALMUERZO'),(532,'2301010136','70102921','josue alberto','Huaman','Tacsa',1,'A','ALMUERZO'),(533,'2411010091','61085972','Yamile Yasuri ','Huamani','Alfaro',3,'A','ALMUERZO'),(534,'2101010178','73062176','MARIA ESTHER','Huamani','Giron',5,'A','ALMUERZO'),(535,'2101080179','73964840','NICOLLE ESTEFANY','Huamanahui','Gonzales',3,'A','ALMUERZO'),(536,'2201070166','76350865','Elian Eliane','Huaraca','Perez',4,'A','ALMUERZO'),(537,'2301010150','73831260','LUIS GUILLERMO','Huarcaya','Tito',1,'A','ALMUERZO'),(538,'2301080152','75573507','Alen Stefany','Huari','Carlos',5,'A','ALMUERZO'),(539,'2201010168','70191276','CINTHYA NOEMI','Huari','Villanueva',4,'A','ALMUERZO'),(540,'2301080154','76455168','Yamiley Massiel','Huillca','Quea',4,'A','ALMUERZO'),(541,'2411080095','72170573','Alexia Edith','Ibarra','Atuncar',4,'A','ALMUERZO'),(542,'2411020096','74431032','Yadhira Stephany','Idme','Porta',1,'A','ALMUERZO'),(543,'2411080097','77274920','Ruth Filanda','Inga','Brioso',4,'A','ALMUERZO'),(544,'2002010110','73655485','Juan Carlos Junior','Inga','Vilca',5,'A','ALMUERZO'),(545,'2301010157','73831971','EVELIN SAMIR','Iturrizaga','Fermin',5,'A','ALMUERZO'),(546,'2301020158','70980417','Junior ','Janampa','Cuba',3,'A','AMBOS'),(547,'2411110100','60753084','NAIYOMI CRYSTELLE','Jarrin','Marcos',4,'A','AMBOS'),(548,'2411110101','60074435','Medaly Ariana ','Javier','Bramn',2,'A','AMBOS'),(549,'2301040159','71051076','Araceli Lizeth','Javier','Obispo',5,'A','AMBOS'),(550,'2411110103','62264010','PEDRO PABLO','Jimenez','Osorio',2,'A','AMBOS'),(551,'2201010175','77050350','Karla Geraldine','Jimnez','Osorio',2,'A','AMBOS'),(552,'1975696637','75696637','NAYELI ESTEFANY','Landeo','Ramos',3,'A','AMBOS'),(553,'2411080107','74844080','Jonathan Smith ','Landeon','Poma',3,'A','ALMUERZO'),(554,'2002090119','74635625','Luz Melissa ','Laura','Lucas',4,'A','AMBOS'),(555,'2201020182','75416480','DANIELA HELIBETH','Laura','Mallasca',2,'A','ALMUERZO'),(556,'2301010163','75523404','Mara Fernanda ','Lzaro','Acevedo',4,'A','ALMUERZO'),(557,'2411020110','60182564','Meredith Maday ','Lzaro','Vicente',3,'A','ALMUERZO'),(558,'2301080164','76824017','Gerson Joel ','Lazo','Manrique',5,'A','ALMUERZO'),(559,'2411110111','60461409','Ruth Fiorella','Ledesma','Huamani',5,'A','ALMUERZO'),(560,'2411080113','60733011','Oliver Fabrizio','Levano','Cuaresma',5,'A','ALMUERZO'),(561,'2101080196','73226140','EDSON ANDRE','Levano','Luyo',4,'A','ALMUERZO'),(562,'2301010389','77037896','Diana Ysabel','Lliuya','Laura',2,'A','ALMUERZO'),(563,'2411070115','76270478','CRISTIAN EFRAIN','Loayza','Arrieta',5,'A','ALMUERZO'),(564,'2101010205','70060778','Giancarlo Alexander','Lpez','Gonzales',2,'A','ALMUERZO'),(565,'2201080193','73109244','Victor Giovanni ','Lpez','Huaman',4,'A','AMBOS'),(566,'2101080206','77236226','Matas Jos ','Lpez','Huanhuayo',2,'A','ALMUERZO'),(567,'2201010196','70946722','Jos Miguel','Lpez','Prez',3,'A','ALMUERZO'),(568,'2002010126','72519372','Luis Anthony','Loza','Quiroz',4,'A','AMBOS'),(569,'2301050177','72506300','Luis Andree','Loza','Quiroz',2,'A','ALMUERZO'),(570,'2301080178','73126516','Malena Adriana','Loza','Quispe',2,'A','AMBOS'),(571,'2101080212','73137741','PEDRO LUIS','Luyo','Ojeda',5,'A','ALMUERZO'),(572,'2001080104','73996991','Vctor Manuel','Luyo','Ticona',4,'A','ALMUERZO'),(573,'2411020119','72770576','Jess Angel ','Machuca','Leandro',4,'A','AMBOS'),(574,'2411110120','72248120','Karina Lizet','Magallanes','Munayco',4,'A','ALMUERZO'),(575,'2411110121','61060280','Yahaira Alexandra ','Magallanes','Quijandria',5,'A','AMBOS'),(576,'2411010122','77687862','Jimmy Alexander','Malasquez','Laredo',1,'A','ALMUERZO'),(577,'2201080206','76633115','Hebert Juan ','Mallqui','Luyo',5,'A','AMBOS'),(578,'2301010188','75021313','Anabel Gregoria','Mancha','Llanos',3,'A','AMBOS'),(579,'2101010214','45450964','Rubn Saul','Manrique','Barillas',4,'A','ALMUERZO'),(580,'2201010211','72387003','Brisa Alejandra','Mansilla','Quispe',5,'A','AMBOS'),(581,'2411110126','77710149','Karen Luz ','Martinez','Crdenas',4,'A','ALMUERZO'),(582,'2201010215','76405835','Jimy Gean Carlos','Mateo','Alvarado',4,'A','ALMUERZO'),(583,'2201010216','72312855','Mariana Elizabeth ','Mateo','Chumpitaz',1,'A','ALMUERZO'),(584,'2101030225','73174579','GUSTAVO ENRIQUE','Medrano','Collado',4,'A','ALMUERZO'),(585,'2101010226','72440080','John Adler','Medrano','Enrique',1,'A','ALMUERZO'),(586,'2301100198','72490149','NICOLE RUBY','Mendoza','Moran',2,'A','ALMUERZO'),(587,'2411080133','73930762','Nallely Esmeralda','Mendoza','Yarlequ',2,'A','ALMUERZO'),(588,'2301010200','60714037','ANGELES INES','Merlos','Napan',5,'A','ALMUERZO'),(589,'2201010222','77815497','Francis Kennedy','Meza','Quispe',5,'A','ALMUERZO'),(590,'2301080203','72657709','Ariana Magdiel','Miller','Inga',1,'A','AMBOS'),(591,'2002010144','75486389','ERICK YANPIER','Miranda','Huacho',5,'A','AMBOS'),(592,'2411080135','60488511','Brayan Steven','Misaico','Chavez',1,'A','ALMUERZO'),(593,'2101010238','73789502','Lilian Sara','Montes','Calle',4,'A','ALMUERZO'),(594,'2101010240','76350852','YASMIN GRACIELA ','Morales','Huaccachi',1,'A','ALMUERZO'),(595,'2101010242','77414556','JHERIMY ALEJANDRO ','Moriano','Camposano',4,'A','ALMUERZO'),(596,'2201010130','73032371','THAIS MILAGROS','Mucha','Cayllihua',5,'A','ALMUERZO'),(597,'2411010139','60418742','Sebastian ','Muoz','Huayta',1,'A','ALMUERZO'),(598,'2101080245','77702970','Alejandro Rodrigo ','Muoz','Jimenez',4,'A','ALMUERZO'),(599,'2411110142','60443186','Noelia Cecilia','Napn','Huamn',2,'A','ALMUERZO'),(600,'2201080232','76509613','Jhonatan Jesus','Napanga','Ruiz',1,'A','AMBOS'),(601,'2201080233','74243738','Lizbeth Medalith','Navarro','Garca',1,'A','AMBOS'),(602,'2201080235','70843839','LEIDY ISABEL','Nomberto','Sanchez',2,'A','ALMUERZO'),(603,'2101080072','71775598','Jaime Giovanni','Ochoa','Guerra',4,'A','ALMUERZO'),(604,'2301080210','72272038','Jessica','Ochoa','Janampa',3,'A','ALMUERZO'),(605,'2101010256','77230462','Sergio','Orellana','Vidal',5,'A','ALMUERZO'),(606,'2201080242','73830752','ALFREDO JESUS','Ormeo','Velita',2,'A','ALMUERZO'),(607,'2411080149','73936484','FRIDA ARIANA','Ortega','Segura',3,'A','ALMUERZO'),(608,'2301010216','43690202','LUIS ALEJANDRO','Pachas','Jacobo',5,'A','AMBOS'),(609,'2411080151','48415879','RONALD GERARDO','Pachas','Loyola',4,'A','AMBOS'),(610,'2101010261','72490012','YRVIN ALEXIS','Pachas','Saravia',1,'A','AMBOS'),(611,'2411080152','77805554','jose andres','Padilla','Leon',5,'A','ALMUERZO'),(612,'2002010169','72490140','JOSE MIGUEL ALONSO','Padin','Silva',2,'A','ALMUERZO'),(613,'2301010219','72558508','Juan Jesus','Palacios','Lescano',2,'A','AMBOS'),(614,'2201010245','71473612','Franchescoly.G','Palomino','Arucanqui',1,'A','AMBOS'),(615,'2101010266','77093158','Gabriel Enrique','Palomino','Chipana',4,'A','AMBOS'),(616,'2301010221','74902579','Jimena Isabel','Palomino','Huaman',3,'A','ALMUERZO'),(617,'2301010222','72658188','Mark Anthony','Paredes','Huahuacondori',2,'A','AMBOS'),(618,'2301010223','73826531','Onell del Carmen','Paredes','Manco',3,'A','ALMUERZO'),(619,'2101080272','76645315','Dayana Milagros ','Pascual','Pio',4,'A','ALMUERZO'),(620,'2411080156','76210253','GRECIA XIMENA','Paucar','Arotoma',5,'A','ALMUERZO'),(621,'2002010171','73543323','MEDALY ALEJANDRA','Paucar','Maquera',2,'A','ALMUERZO'),(622,'2301010226','60070901','Jimena del Pilar','Paucar','Ojeda',2,'A','AMBOS'),(623,'2201010385','74319849','Hugo Ronald','Paucar','Santiago',4,'A','AMBOS'),(624,'2002010172','76034441','Christian Yordan ','Payano','Garay',4,'A','AMBOS'),(625,'2002010173','75892450','Joselin Jarumi','Paypay','Yslache',3,'A','ALMUERZO'),(626,'2002010174','74218636','Ariana Jossety','Pea','Meneses',4,'A','AMBOS'),(627,'2411110158','71368272','JESUS DANIEL','Pea','Anton',2,'A','ALMUERZO'),(628,'2001080075','75153177','JOSHEP SMITH','Perez','Chambergo',1,'A','ALMUERZO'),(629,'2301020234','73622920','ANHELY LISSET','Peve','Gonzales',4,'A','ALMUERZO'),(630,'2411080161','74430454','Joseht Steven','Pillpe','Ramos',4,'A','ALMUERZO'),(631,'2201010261','75203854','Jos Manuel ','Poma','Huaman',5,'A','ALMUERZO'),(632,'2411080162','74963297','Renzo Felipe','Porras','Huamanchoque',4,'A','ALMUERZO'),(633,'2301080238','72469292','Vctor Manuel','Pretell','Munayco',2,'A','AMBOS'),(634,'2301010239','71025401','Esteban Ricardo','Puma','Palomino',1,'A','AMBOS'),(635,'2101010282','71025400','Sebastin Enrique ','Puma','Palomino',4,'A','AMBOS'),(636,'2301010240','72506357','Luis Angel','Pumaylle','Lazaro',5,'A','AMBOS'),(637,'20101080283','72783236','Cesar Luis','Pusare','Huamani',2,'A','AMBOS'),(638,'2201010268','75252483','DAYANA NICOL','Quegua','Huallpa',2,'A','ALMUERZO'),(639,'2002010181','77351693','alexander','Quincho','Cahuana',4,'A','AMBOS'),(640,'2301010243','76297041','JOE ANDRE RICARDO','Quinte','Quispe',5,'A','ALMUERZO'),(641,'2301010244','70917566','Jose Roberto','Quinto','Huaman',4,'A','ALMUERZO'),(642,'2201010271','76633110','Aljazira Laleth','Quiroz','Marroquin',2,'A','ALMUERZO'),(643,'2301020245','74381302','Maria del Carmen','Quispe','Acua',3,'A','ALMUERZO'),(644,'2201080273','74580370','Jeanet Anabel','Quispe','Allccahuaman',2,'A','AMBOS'),(645,'2201010274','74092292','Melva Mirella ','Quispe','Candiote',2,'A','AMBOS'),(646,'2101010290','73697707','DIGNA ADELFA','Quispe','Chipana',5,'A','ALMUERZO'),(647,'2301080247','70782220','Jheiro Anthony ','Quispe','Cruz',3,'A','ALMUERZO'),(648,'2411080166','60745115','Jazmn Carolay','Quispe','Guillen',5,'A','ALMUERZO'),(649,'2002010184','72551682','Jos Alejandro','Quispe','Llanos',4,'A','ALMUERZO'),(650,'2101080295','73829211','GEAN CARLOS URBANO','Quispe','Manrique',4,'A','ALMUERZO'),(651,'2301010250','73143047','MELISA ROFINA ','Quispe','Manrique',4,'A','ALMUERZO'),(652,'2301010252','72872965','Ederson Gianpiers','Quispe','Ortega',5,'A','AMBOS'),(653,'2301080254','73578828','ARIANA LAURA','Quispe','Quispe',5,'A','ALMUERZO'),(654,'2001080077','74276495','Luis Angel ','Quispe','Quispe',4,'A','ALMUERZO'),(655,'2201010280','72500450','Luis Alexander','Quispe','Ventura',4,'A','AMBOS'),(656,'2301010256','72841849','Luis Enrique','Quispe','Vilcapuma',4,'A','ALMUERZO'),(657,'2411080170','70905558','RUBEN ALEX','Ramirez','Huaman',2,'A','ALMUERZO'),(658,'2411080171','70190103','Cinthya Jakeline','Ramirez','Huaraca',2,'A','ALMUERZO'),(659,'2301050259','72604835','Juan Joseph','Ramos','Chumpitaz',1,'A','ALMUERZO'),(660,'2001080079','72714279','Tania Akane ','Ramos','Chuquispuma',3,'A','ALMUERZO'),(661,'2411080174','73020962','Jean Franco','Ramos','Encalda',1,'A','ALMUERZO'),(662,'2411010175','60071271','Alex Fabrizzio','Ramos','Huapaya',1,'A','AMBOS'),(663,'2201080288','76130805','Jair Alexander','Ramos','Huapaya',5,'A','AMBOS'),(664,'2301010262','71818323','Anderson Leao ','Ramos','Icarrayme',4,'A','AMBOS'),(665,'2301080263','72714345','Luis Leonel','Ramos','Llanos',2,'A','AMBOS'),(666,'2411010176','75476576','Moly Dayana','Ramos','Quinte',3,'A','ALMUERZO'),(667,'240841','60228759','Cielo Stefan','Ramos','Saldaa',5,'A','ALMUERZO'),(668,'2411080179','62321093','Jordin Eduardo','Real','Salazar',4,'A','ALMUERZO'),(669,'2301080265','76412738','Ronaldo Jesus','Rebatta','Quispe',2,'A','ALMUERZO'),(670,'1976339687','76339687','GIAMPOL JOSEPH','Revilla','Sulluchuco',4,'A','ALMUERZO'),(671,'2301010271','73887673','Sandy Vicenta ','Reyes','Reyna',3,'A','ALMUERZO'),(672,'2301010273','76508614','Jesus Armando','Reynoso','Garca',4,'A','ALMUERZO'),(673,'2411040181','72708418','Clineo Gonzalo','Rios','Choque',1,'A','ALMUERZO'),(674,'2201080293','73930140','Yashira Yulia','Rivadeneyra','Huaman',2,'A','AMBOS'),(675,'2002010196','70864744','CESAR CARLOS ','Riveros','Flores',2,'A','ALMUERZO'),(676,'2201080297','48695685','Arnold Smith','Robles','Lopez',4,'A','ALMUERZO'),(677,'2002010197','76307291','Elvis Elean ','Rodrguez','Huamn',4,'A','AMBOS'),(678,'2411110186','60984398','Jorge Luis','Rodrguez','Torres',5,'A','AMBOS'),(679,'2411020187','75699079','Sebastin Jaren ','Rojas','Castillo',1,'A','ALMUERZO'),(680,'2301010281','72727575','BRAYAN MANUEL','Rojas','Checcllo',4,'A','ALMUERZO'),(681,'2001080084','72712741','VANESA','Rojas','Cortez',5,'A','AMBOS'),(682,'2411010189','60071117','Araceli Jhael ','Rojas','Laura',5,'A','AMBOS'),(683,'2101010319','74431057','HECTOR ANDERSON','Rojas','Palomino',4,'A','ALMUERZO'),(684,'2201010305','72558584','George Armando','Rojas','Ramirez',2,'A','ALMUERZO'),(685,'2301010282','76000986','Evelyn Wendy','Rojas','Remuzgo',3,'A','AMBOS'),(686,'1678006381','78006381','Lyly Maritza ','Rojas','Vicente',1,'A','ALMUERZO'),(687,'2101080323','70261012','Diana Oiane','Roman','Rodriguez',2,'A','ALMUERZO'),(688,'2002010200','70602726','CARLOS ELEODORO','Romero','Cruz',1,'A','ALMUERZO'),(689,'2301010285','62153018','kilven ','Romero','Cruz',2,'A','AMBOS'),(690,'2001080113','71081647','KATHERIN NAYELI','Romero','Gamboa',3,'A','AMBOS'),(691,'2301010286','74747511','Denisse Kassandra','Romero','Guerra',3,'A','ALMUERZO'),(692,'2301010287','75908003','Lidia Alexandra','Romero','Vivas',5,'A','AMBOS'),(693,'2002010204','70770755','Andra Soledad ','Roque','Guerrero',4,'A','AMBOS'),(694,'2101010325','76614803','TANIA SUSANA','Rosales','Arevalo',4,'A','ALMUERZO'),(695,'2301020288','74128193','Jhon Anderson','Rosales','Asto',4,'A','ALMUERZO'),(696,'2301010291','73830657','Ani Candy','Rosas','Vivas',3,'A','ALMUERZO'),(697,'2101010326','76010839','CARLOS ALBERTO','Ruiz','Candela',4,'A','ALMUERZO'),(698,'2301010292','75829033','Camila Alessandra ','Ruiz','Cruz',3,'A','ALMUERZO'),(699,'2101010330','72551867','PILAR MELL','Salazar','Paucar',4,'A','AMBOS'),(700,'2002010210','71641249','ROSALY EVELING','Salazar','Paucar',4,'A','AMBOS'),(701,'2411020198','75909883','Anghela Jhanelly ','Saldaa','Aguilar',2,'A','ALMUERZO'),(702,'2002010211','71786998','PAOLA INES','Saldaa','Barillas',4,'A','AMBOS'),(703,'2301080296','76528160','Nayeli Ruth','Salvador','Santiago',2,'A','AMBOS'),(704,'2001070087','73705307','Fernando Frank','Sanchez','Candela',1,'A','ALMUERZO'),(705,'2101010333','74080720','Marco Stefano','Sanchez','Chavez',1,'A','ALMUERZO'),(706,'2201010327','72560246','Antoanela Evidia','Sanchez','Gonzales',2,'A','ALMUERZO'),(707,'2201010330','71089623','Diego Saul','Snchez','Quispe',4,'A','ALMUERZO'),(708,'2201010331','71089625','Medalid ','Sanchez','Quispe',3,'A','ALMUERZO'),(709,'2101080336','73831202','Leonardo Miguel','Sanchez','Ramos',1,'A','ALMUERZO'),(710,'2301080305','72709409','Oscar Ernesto','Sanchez','Susanivar',4,'A','ALMUERZO'),(711,'2201010333','72604566','JUAN EMMANUEL','Sanchez','Zapata',4,'A','AMBOS'),(712,'2411010204','60848557','angela britney','Santaria','Lopez',5,'A','ALMUERZO'),(713,'2002010219','74484181','NERIO JHON','Sante','Huamani',2,'A','AMBOS'),(714,'2301080308','75610055','Jamil Favio Rey','Santos','Quito',1,'A','ALMUERZO'),(715,'2002010223','72641620','Martha Elizabeth','Saravia','Levano',2,'A','ALMUERZO'),(716,'2201010336','73954618','JESUS MIGUEL','Saravia','Toralva',4,'A','ALMUERZO'),(717,'2301010312','75467555','Mara Fernanda ','Sedano','Romero',5,'A','ALMUERZO'),(718,'2101010344','72706463','Aldana Gabriela','Serrato','Levano',1,'A','ALMUERZO'),(719,'2101010346','73020981','Lilian Brissette','Sifuentes','Manrique',4,'A','ALMUERZO'),(720,'2002010226','70971381','Magdiel Jhosylin','Silva','Ircaaupa',3,'A','ALMUERZO'),(721,'2101010407','76532516','Jean Franco','Soles','Castillo',5,'A','ALMUERZO'),(722,'2301080318','74161430','Rosa Gisela ','Soncco','Soncco',3,'A','ALMUERZO'),(723,'2301080317','74161429','Liset','Soncco','Soncco',2,'A','ALMUERZO'),(724,'2411110208','60241050','Angelina Nicoll ','Soto','Aybar',4,'A','ALMUERZO'),(725,'2411110209','60989911','JHORKY ANTONY','Soto','Mendoza',5,'A','ALMUERZO'),(726,'2301010392','75454325','Tatiana Selena','Sulca','Silvera',1,'A','ALMUERZO'),(727,'2301010327','77326453','Rafael Martin ','Talaverano','Gonzales',2,'A','ALMUERZO'),(728,'2301010328','75065885','Jess Mario ','Talla','Jimenez',4,'A','AMBOS'),(729,'2201080349','76384224','NAYELY NICOLE','Taquire','Cuzcano',4,'A','AMBOS'),(730,'2002010232','73764871','ALICIA VALERIA','Tasayco','Chavez',2,'A','AMBOS'),(731,'2002010233','73905453','Juan Diego','Tasayco','Hernndez',4,'A','AMBOS'),(732,'2201010350','72326058','Jeremys','Tasayco','Saravia',5,'A','AMBOS'),(733,'2101010364','71781863','Farid Javier ','Tataje','Gutirrez',4,'A','AMBOS'),(734,'2002010234','72604723','Angie Cristina','Tello','Felipa',4,'A','AMBOS'),(735,'2201010353','74757475','RICHARD ANDERSON','Tenorio','Acha',1,'A','ALMUERZO'),(736,'2411010212','76368635','JUAN PEDRO','Tinco','Salcedo',1,'A','ALMUERZO'),(737,'2411010213','61030490','Fiorella Abigail ','Tintayo','Cruz',5,'A','ALMUERZO'),(738,'2301010334','73832103','Pedro Angel','Tito','Conislla',1,'A','ALMUERZO'),(739,'2301010336','72866478','Javier Luis ','Torres','Palacios',4,'A','AMBOS'),(740,'2411080214','72934014','Nuria Margot ','Torres','Pea',4,'A','ALMUERZO'),(741,'2201010355','74750310','Roberto Carlos ','Torres','Quispe',4,'A','AMBOS'),(742,'2411080215','60822260','ADRIANA CAMILA','Torres','Vicente',3,'A','ALMUERZO'),(743,'2301010338','75935977','Genesis Bernardina','Trillo','Cahuantico',4,'A','AMBOS'),(744,'2301080339','75799843','XIMENA NICOLE','Trillo','Ruiz',5,'A','AMBOS'),(745,'2411080216','76522087','Maria ','Trujillo','Quispe',4,'A','ALMUERZO'),(746,'2301010341','72847107','Luis Fernando ','Tufenio','Vivanco',4,'A','ALMUERZO'),(747,'2201010359','75437066','Marilina Magdalena','Tumpi','Soncco',2,'A','ALMUERZO'),(748,'2301080343','77333861','Yummy Katty','Valdez','Vasquez',2,'A','AMBOS'),(749,'2411110218','60822167','Mathias Francesco Josemara ','Valdivia','Palacios',4,'A','ALMUERZO'),(750,'2301080345','73635840','Eduardo Reymundo ','Valentin','Lazaro',1,'A','ALMUERZO'),(751,'2301010346','74890694','Hans Jerson ','Valenzuela','Aguado',4,'A','AMBOS'),(752,'2301080349','78021728','Guyen Felix','Vasquez','Lazaro',4,'A','AMBOS'),(753,'1473830679','73830679','NORKA DENISSE ','Vasquez','Silva',2,'A','ALMUERZO'),(754,'2101010371','73233489','Maria de Fatima Belen ','Vasquez','Zelada',2,'A','AMBOS'),(755,'2301010351','75889241','Luca Salom ','Vega','Muro',2,'A','AMBOS'),(756,'2101080373','73077049','Estefany Martha','Ventocilla','Diaz',3,'A','AMBOS'),(757,'2301010393','77103459','Gustavo Alonso','Vera','Arias',5,'A','ALMUERZO'),(758,'2301010360','60071236','ANGELA BRIGITH','Vicente','Susanibar',5,'A','AMBOS'),(759,'2301080361','73828892','Csar Aarn','Vicente','Vallejos',1,'A','ALMUERZO'),(760,'2002010255','72784124','Katherine Nicole','Vidal','Huasasquiche',4,'A','AMBOS'),(761,'2301010363','71278401','MONICA','Vilca','Huaman',4,'A','AMBOS'),(762,'2301010364','62787873','Sara Anet','Vilcamiza','Pachas',3,'A','AMBOS'),(763,'2002010256','76350835','Jean','Vilcapuma','Zenteno',4,'A','ALMUERZO'),(764,'2101080376','71893163','ANGUIE LILIANA','Villa','Suazo',5,'A','AMBOS'),(765,'2411080224','76502216','Roberto carlos','Villalva','Pomayay',5,'A','ALMUERZO'),(766,'2301010367','75907880','David Salomon','Villar','Sanchez',2,'A','AMBOS'),(767,'2002010258','72799675','Henry Josemaria','Villar','Sotelo',5,'A','ALMUERZO'),(768,'2201010376','75153191','ITALO JHONFRED LEONARDO','Yactayo','Valverde',5,'A','ALMUERZO'),(769,'2301010371','60752568','Anthony Bryan','Yalle','Leandro',5,'A','ALMUERZO'),(770,'2411080227','74161893','Felix Alfonso','Yataco','Torres',4,'A','ALMUERZO'),(771,'2002010266','73831943','ERIKA ALHELY','Zamudio','Sapacayo',5,'A','ALMUERZO'),(772,'1977696776','77696776','JERIOT ISAI','MAGALLANES ','HERNANDEZ',1,'I','ALMUERZO');
/*!40000 ALTER TABLE `estudiante` ENABLE KEYS */;
UNLOCK TABLES;

--
-- Table structure for table `usuarios`
--

DROP TABLE IF EXISTS `usuarios`;
/*!40101 SET @saved_cs_client     = @@character_set_client */;
/*!50503 SET character_set_client = utf8mb4 */;
CREATE TABLE `usuarios` (
  `idusuario` int NOT NULL AUTO_INCREMENT,
  `nombres` varchar(70) COLLATE utf8mb4_general_ci NOT NULL,
  `apellidos` varchar(70) COLLATE utf8mb4_general_ci NOT NULL,
  `nombreusuario` varchar(25) COLLATE utf8mb4_general_ci NOT NULL,
  `clave` varchar(200) COLLATE utf8mb4_general_ci NOT NULL,
  `fechacreacion` date NOT NULL,
  `fechabaja` date DEFAULT NULL,
  `nivelacceso` char(1) COLLATE utf8mb4_general_ci NOT NULL,
  `estado` char(1) COLLATE utf8mb4_general_ci NOT NULL,
  `sello` text COLLATE utf8mb4_general_ci NOT NULL,
  `email` varchar(50) COLLATE utf8mb4_general_ci NOT NULL,
  `codverificacion` char(6) COLLATE utf8mb4_general_ci DEFAULT NULL,
  `fk_jOperaciones` int DEFAULT NULL,
  PRIMARY KEY (`idusuario`),
  UNIQUE KEY `uk_nombreusuario_user` (`nombreusuario`)
) ENGINE=InnoDB AUTO_INCREMENT=62 DEFAULT CHARSET=utf8mb4 COLLATE=utf8mb4_general_ci;
/*!40101 SET character_set_client = @saved_cs_client */;

--
-- Dumping data for table `usuarios`
--

LOCK TABLES `usuarios` WRITE;
/*!40000 ALTER TABLE `usuarios` DISABLE KEYS */;
INSERT INTO `usuarios` VALUES (13,'Administrador','Administrador','Admin1','$2y$10$3Qj42AEPcdiLr1Nz3ayWauK6matE6iNwVjR0T/JqIlLX8ZajaRdZW','2024-08-19',NULL,'A','A','','admin@admin.com',NULL,NULL),(58,'1','1','Admin2','$2y$10$eqX1j7/CN3T7XrE7Y23gzuvvwWeYTsyKkMXpE8XmbtftonD1aUMx.','2024-08-19',NULL,'A','A','','jeriotxp@gmail.com',NULL,NULL),(59,'2','2','Admin3','$2y$10$7dRakAnMbK49CABCN86kxe3pike7YSCkxaf8qN973FFRkq41eV0PS','2024-08-19',NULL,'A','A','','jeriotxp@gmail.com',NULL,NULL),(60,'DBU','DBU','DBU','$2y$10$2tOtpjGCXeKX3gvem.y2Qui3fBekLZuz0iA4kOKmZjyB6xH9mj5vG','2024-09-20',NULL,'D','A','','jeriotxp@gmail.com',NULL,NULL),(61,'Nutricionista','Nutricionista','Nutricionista','$2y$10$0cd/F6QSINncPFOWt1C9seY1gCTo1LzTn4/BQvpNoeKeWVU1XMpTG','2024-08-22',NULL,'C','A','','jeriotxp@gmail.com',NULL,NULL);
/*!40000 ALTER TABLE `usuarios` ENABLE KEYS */;
UNLOCK TABLES;
/*!40103 SET TIME_ZONE=@OLD_TIME_ZONE */;

/*!40101 SET SQL_MODE=@OLD_SQL_MODE */;
/*!40014 SET FOREIGN_KEY_CHECKS=@OLD_FOREIGN_KEY_CHECKS */;
/*!40014 SET UNIQUE_CHECKS=@OLD_UNIQUE_CHECKS */;
/*!40101 SET CHARACTER_SET_CLIENT=@OLD_CHARACTER_SET_CLIENT */;
/*!40101 SET CHARACTER_SET_RESULTS=@OLD_CHARACTER_SET_RESULTS */;
/*!40101 SET COLLATION_CONNECTION=@OLD_COLLATION_CONNECTION */;
/*!40111 SET SQL_NOTES=@OLD_SQL_NOTES */;

-- Dump completed on 2024-09-26 15:59:01
